customer_id,Recency,Frequency,Monetary,R_Score,F_Score,M_Score,RFM_Score,Segment
CUST1000,1089,1,391.04999999999995,2,,1,,Lost
CUST1001,1529,1,512.16,1,,2,,Lost
CUST1002,894,1,1208.28,2,,3,,Lost
CUST1003,725,1,338.64,3,,1,,Lost
CUST1004,518,1,438.62,4,,2,,Lost
CUST1005,185,1,1772.88,5,,5,,Lost
CUST1006,214,1,702.96,5,,2,,Lost
CUST1007,410,1,47.800000000000004,4,,1,,Lost
CUST1008,415,1,1525.8,4,,4,,Lost
CUST1009,442,1,1348.96,4,,4,,Lost
CUST1010,1292,1,1218.3000000000002,1,,4,,Lost
CUST1011,339,1,940.17,5,,3,,Lost
CUST1012,1125,1,1519.11,2,,4,,Lost
CUST1013,432,1,1894.16,4,,5,,Lost
CUST1014,296,1,781.92,5,,2,,Lost
CUST1015,822,1,1001.97,3,,3,,Lost
CUST1016,196,1,1875.08,5,,5,,Lost
CUST1017,559,1,1267.44,4,,4,,Lost
CUST1018,401,1,1702.39,5,,5,,Lost
CUST1019,185,1,1596.64,5,,5,,Lost
CUST1020,753,1,1452.18,3,,4,,Lost
CUST1021,1335,1,355.46000000000004,1,,1,,Lost
CUST1022,1289,1,539.22,1,,2,,Lost
CUST1023,248,1,418.72,5,,1,,Lost
CUST1024,1112,1,698.01,2,,2,,Lost
CUST1025,1346,1,714.4499999999999,1,,2,,Lost
CUST1026,285,1,312.83,5,,1,,Lost
CUST1027,1450,1,975.1000000000001,1,,3,,Lost
CUST1028,317,1,1197.2,5,,3,,Lost
CUST1029,694,1,942.5999999999999,3,,3,,Lost
CUST1030,1719,1,1642.77,1,,5,,Lost
CUST1031,938,1,31.95,2,,1,,Lost
CUST1032,1663,1,1609.54,1,,5,,Lost
CUST1033,1238,1,1661.9,1,,5,,Lost
CUST1034,298,1,1292.65,5,,4,,Lost
CUST1035,814,1,254.73000000000002,3,,1,,Lost
CUST1036,762,1,554.3299999999999,3,,2,,Lost
CUST1037,1005,1,376.24,2,,1,,Lost
CUST1038,961,1,1572.96,2,,4,,Lost
CUST1039,428,1,123.30000000000001,4,,1,,Lost
CUST1040,192,1,1016.15,5,,3,,Lost
CUST1041,323,1,455.48999999999995,5,,2,,Lost
CUST1042,336,1,1954.64,5,,5,,Lost
CUST1043,627,1,132.86,4,,1,,Lost
CUST1044,796,1,1963.6799999999998,3,,5,,Lost
CUST1045,1364,1,1670.8500000000001,1,,5,,Lost
CUST1046,396,1,1098.75,5,,3,,Lost
CUST1047,1316,1,1561.3500000000001,1,,4,,Lost
CUST1048,302,1,599.52,5,,2,,Lost
CUST1049,406,1,1487.43,4,,4,,Lost
CUST1050,548,1,1780.96,4,,5,,Lost
CUST1051,947,1,90.34,2,,1,,Lost
CUST1052,262,1,1095.6,5,,3,,Lost
CUST1053,1643,1,969.1200000000001,1,,3,,Lost
CUST1054,659,1,312.0,3,,1,,Lost
CUST1055,1290,1,754.8,1,,2,,Lost
CUST1056,779,1,944.08,3,,3,,Lost
CUST1057,368,1,174.8,5,,1,,Lost
CUST1058,1003,1,1476.1000000000001,2,,4,,Lost
CUST1059,896,1,1811.3,2,,5,,Lost
CUST1060,1607,1,1720.38,1,,5,,Lost
CUST1061,766,1,312.12,3,,1,,Lost
CUST1062,743,1,1483.88,3,,4,,Lost
CUST1063,1437,1,1683.9,1,,5,,Lost
CUST1064,1107,1,1795.65,2,,5,,Lost
CUST1065,247,1,1378.68,5,,4,,Lost
CUST1066,675,1,969.3000000000001,3,,3,,Lost
CUST1067,472,1,541.89,4,,2,,Lost
CUST1068,521,1,1217.67,4,,4,,Lost
CUST1069,230,1,1572.6000000000001,5,,4,,Lost
CUST1070,423,1,1398.3899999999999,4,,4,,Lost
CUST1071,715,1,1095.48,3,,3,,Lost
CUST1072,1780,1,120.39999999999999,1,,1,,Lost
CUST1073,1213,1,837.35,1,,2,,Lost
CUST1074,269,1,266.15999999999997,5,,1,,Lost
CUST1075,725,1,788.5,3,,2,,Lost
CUST1076,1288,1,1467.0,1,,4,,Lost
CUST1077,433,1,1519.11,4,,4,,Lost
CUST1078,778,1,1282.08,3,,4,,Lost
CUST1079,269,1,1078.0,5,,3,,Lost
CUST1080,858,1,834.12,3,,2,,Lost
CUST1081,789,1,341.04999999999995,3,,1,,Lost
CUST1082,1455,1,788.41,1,,2,,Lost
CUST1083,829,1,1616.16,3,,5,,Lost
CUST1084,294,1,1032.49,5,,3,,Lost
CUST1085,810,1,506.14,3,,2,,Lost
CUST1086,603,1,1515.28,4,,4,,Lost
CUST1087,970,1,1495.51,2,,4,,Lost
CUST1088,1194,1,769.4,1,,2,,Lost
CUST1089,891,1,1538.3999999999999,2,,4,,Lost
CUST1090,921,1,1158.8,2,,3,,Lost
CUST1091,964,1,135.0,2,,1,,Lost
CUST1092,1364,1,839.49,1,,2,,Lost
CUST1093,596,1,1451.45,4,,4,,Lost
CUST1094,416,1,1555.56,4,,4,,Lost
CUST1095,460,1,796.25,4,,2,,Lost
CUST1096,1579,1,187.23,1,,1,,Lost
CUST1097,1181,1,538.65,1,,2,,Lost
CUST1098,1287,1,1113.14,1,,3,,Lost
CUST1099,1401,1,990.57,1,,3,,Lost
CUST1100,756,1,844.26,3,,2,,Lost
CUST1101,512,1,347.31000000000006,4,,1,,Lost
CUST1102,586,1,1574.32,4,,4,,Lost
CUST1103,314,1,421.70000000000005,5,,1,,Lost
CUST1104,851,1,760.96,3,,2,,Lost
CUST1105,461,1,1432.6,4,,4,,Lost
CUST1106,358,1,1981.8000000000002,5,,5,,Lost
CUST1107,1439,1,1611.68,1,,5,,Lost
CUST1108,460,1,430.68,4,,1,,Lost
CUST1109,680,1,1400.04,3,,4,,Lost
CUST1110,908,1,1061.4,2,,3,,Lost
CUST1111,781,1,1770.24,3,,5,,Lost
CUST1112,863,1,1982.24,3,,5,,Lost
CUST1113,344,1,1810.76,5,,5,,Lost
CUST1114,994,1,987.72,2,,3,,Lost
CUST1115,1232,1,287.4,1,,1,,Lost
CUST1116,504,1,1293.78,4,,4,,Lost
CUST1117,1711,1,1645.52,1,,5,,Lost
CUST1118,515,1,338.72,4,,1,,Lost
CUST1119,596,1,1570.41,4,,4,,Lost
CUST1120,1288,1,612.0600000000001,1,,2,,Lost
CUST1121,658,1,1949.95,3,,5,,Lost
CUST1122,422,1,129.42000000000002,4,,1,,Lost
CUST1123,508,1,1298.36,4,,4,,Lost
CUST1124,297,1,1929.76,5,,5,,Lost
CUST1125,737,1,1608.48,3,,5,,Lost
CUST1126,484,1,178.81,4,,1,,Lost
CUST1127,1083,1,838.45,2,,2,,Lost
CUST1128,1221,1,117.35999999999999,1,,1,,Lost
CUST1129,766,1,510.81000000000006,3,,2,,Lost
CUST1130,556,1,1936.1,4,,5,,Lost
CUST1131,385,1,1106.04,5,,3,,Lost
CUST1132,978,1,1328.56,2,,4,,Lost
CUST1133,1198,1,213.25,1,,1,,Lost
CUST1134,453,1,191.70000000000002,4,,1,,Lost
CUST1135,638,1,782.46,4,,2,,Lost
CUST1136,1317,1,722.82,1,,2,,Lost
CUST1137,583,1,49.32000000000001,4,,1,,Lost
CUST1138,1012,1,759.8000000000001,2,,2,,Lost
CUST1139,941,1,1375.02,2,,4,,Lost
CUST1140,720,1,1259.02,3,,4,,Lost
CUST1141,468,1,1749.76,4,,5,,Lost
CUST1142,323,1,710.88,5,,2,,Lost
CUST1143,294,1,897.48,5,,3,,Lost
CUST1144,598,1,1985.2000000000003,4,,5,,Lost
CUST1145,527,1,1503.0,4,,4,,Lost
CUST1146,838,1,726.36,3,,2,,Lost
CUST1147,351,1,1300.77,5,,4,,Lost
CUST1148,569,1,1151.4,4,,3,,Lost
CUST1149,740,1,49.44,3,,1,,Lost
CUST1150,1226,1,1903.38,1,,5,,Lost
CUST1151,1385,1,1254.16,1,,4,,Lost
CUST1152,1123,1,1205.1899999999998,2,,3,,Lost
CUST1153,586,1,1308.29,4,,4,,Lost
CUST1154,421,1,1546.0,4,,4,,Lost
CUST1155,380,1,37.35,5,,1,,Lost
CUST1156,551,1,421.02,4,,1,,Lost
CUST1157,738,1,1294.58,3,,4,,Lost
CUST1158,1584,1,174.4,1,,1,,Lost
CUST1159,554,1,214.38,4,,1,,Lost
CUST1160,1200,1,1447.8000000000002,1,,4,,Lost
CUST1161,1281,1,876.75,1,,3,,Lost
CUST1162,868,1,837.48,3,,2,,Lost
CUST1163,420,1,1600.32,4,,5,,Lost
CUST1164,1068,1,1802.4,2,,5,,Lost
CUST1165,553,1,1793.0099999999998,4,,5,,Lost
CUST1166,448,1,233.28000000000003,4,,1,,Lost
CUST1167,977,1,94.80000000000001,2,,1,,Lost
CUST1168,1137,1,759.9,2,,2,,Lost
CUST1169,1205,1,211.92000000000002,1,,1,,Lost
CUST1170,654,1,1449.27,3,,4,,Lost
CUST1171,612,1,1242.34,4,,4,,Lost
CUST1172,1036,1,1308.25,2,,4,,Lost
CUST1173,439,1,1664.3000000000002,4,,5,,Lost
CUST1174,456,1,205.35000000000002,4,,1,,Lost
CUST1175,726,1,1099.84,3,,3,,Lost
CUST1176,581,1,1718.8,4,,5,,Lost
CUST1177,1198,1,932.76,1,,3,,Lost
CUST1178,1306,1,1986.96,1,,5,,Lost
CUST1179,1592,1,696.68,1,,2,,Lost
CUST1180,654,1,112.19999999999999,3,,1,,Lost
CUST1181,668,1,1543.22,3,,4,,Lost
CUST1182,201,1,1465.6,5,,4,,Lost
CUST1183,1219,1,1727.04,1,,5,,Lost
CUST1184,344,1,1071.13,5,,3,,Lost
CUST1185,362,1,198.63,5,,1,,Lost
CUST1186,217,1,800.84,5,,2,,Lost
CUST1187,327,1,1357.34,5,,4,,Lost
CUST1188,492,1,1378.74,4,,4,,Lost
CUST1189,1084,1,1085.8799999999999,2,,3,,Lost
CUST1190,1139,1,741.7,2,,2,,Lost
CUST1191,1208,1,894.81,1,,3,,Lost
CUST1192,731,1,1496.16,3,,4,,Lost
CUST1193,988,1,1229.97,2,,4,,Lost
CUST1194,1457,1,357.66,1,,1,,Lost
CUST1195,542,1,1198.3799999999999,4,,3,,Lost
CUST1196,1153,1,276.84000000000003,2,,1,,Lost
CUST1197,1079,1,1717.0,2,,5,,Lost
CUST1198,710,1,1104.48,3,,3,,Lost
CUST1199,1053,1,1512.48,2,,4,,Lost
CUST1200,879,1,1932.48,3,,5,,Lost
CUST1201,257,1,833.52,5,,2,,Lost
CUST1202,1145,1,1798.6799999999998,2,,5,,Lost
CUST1203,1067,1,1780.08,2,,5,,Lost
CUST1204,843,1,126.32,3,,1,,Lost
CUST1205,298,1,1484.8,5,,4,,Lost
CUST1206,796,1,1578.12,3,,4,,Lost
CUST1207,804,1,1212.26,3,,3,,Lost
CUST1208,912,1,1790.4,2,,5,,Lost
CUST1209,518,1,1165.24,4,,3,,Lost
CUST1210,1096,1,362.64,2,,1,,Lost
CUST1211,1092,1,1573.83,2,,4,,Lost
CUST1212,734,1,1388.6999999999998,3,,4,,Lost
CUST1213,568,1,1470.03,4,,4,,Lost
CUST1214,793,1,1068.34,3,,3,,Lost
CUST1215,1002,1,1208.24,2,,3,,Lost
CUST1216,1148,1,1218.8,2,,4,,Lost
CUST1217,803,1,1940.19,3,,5,,Lost
CUST1218,351,1,90.95,5,,1,,Lost
CUST1219,778,1,1627.8,3,,5,,Lost
CUST1220,948,1,788.61,2,,2,,Lost
CUST1221,274,1,1385.6,5,,4,,Lost
CUST1222,624,1,1990.9,4,,5,,Lost
CUST1223,482,1,1694.56,4,,5,,Lost
CUST1224,462,1,1534.6200000000001,4,,4,,Lost
CUST1225,530,1,508.16,4,,2,,Lost
CUST1226,1251,1,1586.55,1,,4,,Lost
CUST1227,264,1,872.32,5,,3,,Lost
CUST1228,1091,1,1466.56,2,,4,,Lost
CUST1229,395,1,1391.04,5,,4,,Lost
CUST1230,995,1,1767.44,2,,5,,Lost
CUST1231,258,1,1331.03,5,,4,,Lost
CUST1232,862,1,672.0,3,,2,,Lost
CUST1233,622,1,1199.25,4,,3,,Lost
CUST1234,405,1,1892.34,5,,5,,Lost
CUST1235,1202,1,641.68,1,,2,,Lost
CUST1236,1309,1,535.36,1,,2,,Lost
CUST1237,861,1,1146.76,3,,3,,Lost
CUST1238,1115,1,441.44,2,,2,,Lost
CUST1239,353,1,180.25,5,,1,,Lost
CUST1240,1042,1,44.519999999999996,2,,1,,Lost
CUST1241,1483,1,1721.12,1,,5,,Lost
CUST1242,287,1,923.8499999999999,5,,3,,Lost
CUST1243,1313,1,235.7,1,,1,,Lost
CUST1244,688,1,1399.6,3,,4,,Lost
CUST1245,1667,1,929.56,1,,3,,Lost
CUST1246,700,1,1067.0,3,,3,,Lost
CUST1247,328,1,65.64,5,,1,,Lost
CUST1248,1546,1,1792.08,1,,5,,Lost
CUST1249,434,1,1179.6,4,,3,,Lost
CUST1250,455,1,643.44,4,,2,,Lost
CUST1251,463,1,538.08,4,,2,,Lost
CUST1252,668,1,1348.1,3,,4,,Lost
CUST1253,1740,1,214.01,1,,1,,Lost
CUST1254,323,1,736.4,5,,2,,Lost
CUST1255,789,1,1120.48,3,,3,,Lost
CUST1256,522,1,262.89,4,,1,,Lost
CUST1257,386,1,908.16,5,,3,,Lost
CUST1258,300,1,550.9699999999999,5,,2,,Lost
CUST1259,303,1,850.56,5,,2,,Lost
CUST1260,923,1,1570.05,2,,4,,Lost
CUST1261,197,1,992.04,5,,3,,Lost
CUST1262,869,1,1098.68,3,,3,,Lost
CUST1263,1077,1,369.54999999999995,2,,1,,Lost
CUST1264,625,1,661.04,4,,2,,Lost
CUST1265,453,1,1865.18,4,,5,,Lost
CUST1266,709,1,1624.53,3,,5,,Lost
CUST1267,757,1,667.14,3,,2,,Lost
CUST1268,349,1,1524.8,5,,4,,Lost
CUST1269,1244,1,629.6,1,,2,,Lost
CUST1270,1188,1,682.9200000000001,1,,2,,Lost
CUST1271,346,1,350.08,5,,1,,Lost
CUST1272,1055,1,1906.4,2,,5,,Lost
CUST1273,1076,1,1483.68,2,,4,,Lost
CUST1274,1457,1,1023.1200000000001,1,,3,,Lost
CUST1275,1395,1,1460.88,1,,4,,Lost
CUST1276,541,1,116.4,4,,1,,Lost
CUST1277,637,1,1349.34,4,,4,,Lost
CUST1278,302,1,1711.43,5,,5,,Lost
CUST1279,889,1,568.18,2,,2,,Lost
CUST1280,985,1,958.28,2,,3,,Lost
CUST1281,1656,1,307.86,1,,1,,Lost
CUST1282,189,1,212.88,5,,1,,Lost
CUST1283,1575,1,1408.55,1,,4,,Lost
CUST1284,188,1,1495.23,5,,4,,Lost
CUST1285,992,1,1055.39,2,,3,,Lost
CUST1286,769,1,787.64,3,,2,,Lost
CUST1287,200,1,1753.29,5,,5,,Lost
CUST1288,678,1,1047.05,3,,3,,Lost
CUST1289,1514,1,988.82,1,,3,,Lost
CUST1290,315,1,935.15,5,,3,,Lost
CUST1291,932,1,1259.52,2,,4,,Lost
CUST1292,1521,1,1169.35,1,,3,,Lost
CUST1293,1125,1,1026.42,2,,3,,Lost
CUST1294,1620,1,777.2,1,,2,,Lost
CUST1295,284,1,1579.0,5,,4,,Lost
CUST1296,250,1,1862.0,5,,5,,Lost
CUST1297,542,1,1786.22,4,,5,,Lost
CUST1298,1009,1,1735.92,2,,5,,Lost
CUST1299,776,1,97.92,3,,1,,Lost
CUST1300,469,1,1226.18,4,,4,,Lost
CUST1301,690,1,1840.08,3,,5,,Lost
CUST1302,901,1,1521.1000000000001,2,,4,,Lost
CUST1303,596,1,603.1,4,,2,,Lost
CUST1304,982,1,360.92,2,,1,,Lost
CUST1305,1203,1,1475.24,1,,4,,Lost
CUST1306,1022,1,1317.88,2,,4,,Lost
CUST1307,1350,1,363.57,1,,1,,Lost
CUST1308,1523,1,1750.23,1,,5,,Lost
CUST1309,476,1,1454.34,4,,4,,Lost
CUST1310,1119,1,593.11,2,,2,,Lost
CUST1311,1631,1,1597.28,1,,5,,Lost
CUST1312,475,1,675.9200000000001,4,,2,,Lost
CUST1313,839,1,1270.8600000000001,3,,4,,Lost
CUST1314,376,1,1138.35,5,,3,,Lost
CUST1315,535,1,196.07999999999998,4,,1,,Lost
CUST1316,845,1,306.12,3,,1,,Lost
CUST1317,882,1,924.6,3,,3,,Lost
CUST1318,798,1,1138.1399999999999,3,,3,,Lost
CUST1319,572,1,326.0,4,,1,,Lost
CUST1320,874,1,466.56,3,,2,,Lost
CUST1321,497,1,843.78,4,,2,,Lost
CUST1322,1168,1,610.12,2,,2,,Lost
CUST1323,544,1,1998.08,4,,5,,Lost
CUST1324,909,1,408.90000000000003,2,,1,,Lost
CUST1325,501,1,1113.4,4,,3,,Lost
CUST1326,476,1,1387.5,4,,4,,Lost
CUST1327,1307,1,630.3,1,,2,,Lost
CUST1328,1264,1,58.650000000000006,1,,1,,Lost
CUST1329,1367,1,1844.88,1,,5,,Lost
CUST1330,1043,1,1505.84,2,,4,,Lost
CUST1331,821,1,171.89999999999998,3,,1,,Lost
CUST1332,433,1,1403.36,4,,4,,Lost
CUST1333,360,1,1440.72,5,,4,,Lost
CUST1334,451,1,1993.1100000000001,4,,5,,Lost
CUST1335,1371,1,694.29,1,,2,,Lost
CUST1336,402,1,961.03,5,,3,,Lost
CUST1337,437,1,1470.07,4,,4,,Lost
CUST1338,640,1,1395.04,4,,4,,Lost
CUST1339,827,1,876.84,3,,3,,Lost
CUST1340,324,1,728.21,5,,2,,Lost
CUST1341,1356,1,1803.7,1,,5,,Lost
CUST1342,1459,1,1664.08,1,,5,,Lost
CUST1343,930,1,1176.8000000000002,2,,3,,Lost
CUST1344,236,1,45.15,5,,1,,Lost
CUST1345,1163,1,411.1,2,,1,,Lost
CUST1346,1167,1,224.15,2,,1,,Lost
CUST1347,774,1,231.96,3,,1,,Lost
CUST1348,910,1,26.33,2,,1,,Lost
CUST1349,446,1,1033.8000000000002,4,,3,,Lost
CUST1350,754,1,1871.85,3,,5,,Lost
CUST1351,1458,1,1780.2599999999998,1,,5,,Lost
CUST1352,184,1,1727.7599999999998,5,,5,,Lost
CUST1353,1254,1,1503.11,1,,4,,Lost
CUST1354,584,1,1248.09,4,,4,,Lost
CUST1355,1174,1,1316.82,1,,4,,Lost
CUST1356,340,1,240.94,5,,1,,Lost
CUST1357,1095,1,1160.91,2,,3,,Lost
CUST1358,1096,1,1185.52,2,,3,,Lost
CUST1359,262,1,1716.6499999999999,5,,5,,Lost
CUST1360,563,1,585.12,4,,2,,Lost
CUST1361,1203,1,1485.54,1,,4,,Lost
CUST1362,1574,1,1778.4,1,,5,,Lost
CUST1363,847,1,1988.67,3,,5,,Lost
CUST1364,1842,1,1207.6200000000001,1,,3,,Lost
CUST1365,1218,1,228.24,1,,1,,Lost
CUST1366,848,1,1336.08,3,,4,,Lost
CUST1367,571,1,1392.48,4,,4,,Lost
CUST1368,232,1,532.91,5,,2,,Lost
CUST1369,1033,1,628.25,2,,2,,Lost
CUST1370,509,1,1952.6499999999999,4,,5,,Lost
CUST1371,239,1,1451.68,5,,4,,Lost
CUST1372,439,1,1813.56,4,,5,,Lost
CUST1373,662,1,1898.7599999999998,3,,5,,Lost
CUST1374,821,1,451.26,3,,2,,Lost
CUST1375,897,1,1598.16,2,,5,,Lost
CUST1376,738,1,84.21,3,,1,,Lost
CUST1377,494,1,218.88,4,,1,,Lost
CUST1378,438,1,613.6999999999999,4,,2,,Lost
CUST1379,1081,1,142.2,2,,1,,Lost
CUST1380,860,1,544.5,3,,2,,Lost
CUST1381,201,1,391.2,5,,1,,Lost
CUST1382,275,1,971.28,5,,3,,Lost
CUST1383,569,1,1732.98,4,,5,,Lost
CUST1384,646,1,568.0500000000001,4,,2,,Lost
CUST1385,712,1,548.32,3,,2,,Lost
CUST1386,1079,1,1547.44,2,,4,,Lost
CUST1387,1371,1,1660.1999999999998,1,,5,,Lost
CUST1388,1417,1,103.66,1,,1,,Lost
CUST1389,1781,1,1069.84,1,,3,,Lost
CUST1390,254,1,209.76,5,,1,,Lost
CUST1391,771,1,1499.71,3,,4,,Lost
CUST1392,659,1,1688.52,3,,5,,Lost
CUST1393,1762,1,1366.86,1,,4,,Lost
CUST1394,1358,1,1741.6799999999998,1,,5,,Lost
CUST1395,929,1,1210.77,2,,3,,Lost
CUST1396,1543,1,868.32,1,,3,,Lost
CUST1397,1239,1,314.23,1,,1,,Lost
CUST1398,326,1,1107.33,5,,3,,Lost
CUST1399,753,1,913.22,3,,3,,Lost
CUST1400,549,1,362.0,4,,1,,Lost
CUST1401,723,1,397.65000000000003,3,,1,,Lost
CUST1402,922,1,630.0,2,,2,,Lost
CUST1403,1190,1,117.0,1,,1,,Lost
CUST1404,879,1,521.43,3,,2,,Lost
CUST1405,598,1,1618.23,4,,5,,Lost
CUST1406,347,1,707.14,5,,2,,Lost
CUST1407,906,1,1263.8,2,,4,,Lost
CUST1408,568,1,1929.72,4,,5,,Lost
CUST1409,372,1,1738.32,5,,5,,Lost
CUST1410,1232,1,758.32,1,,2,,Lost
CUST1411,186,1,1529.0,5,,4,,Lost
CUST1412,191,1,164.32,5,,1,,Lost
CUST1413,467,1,1246.72,4,,4,,Lost
CUST1414,477,1,1230.48,4,,4,,Lost
CUST1415,613,1,1051.44,4,,3,,Lost
CUST1416,766,1,1733.12,3,,5,,Lost
CUST1417,220,1,451.20000000000005,5,,2,,Lost
CUST1418,221,1,119.63,5,,1,,Lost
CUST1419,790,1,37.98,3,,1,,Lost
CUST1420,757,1,179.34,3,,1,,Lost
CUST1421,394,1,230.88,5,,1,,Lost
CUST1422,506,1,1441.3,4,,4,,Lost
CUST1423,359,1,297.04,5,,1,,Lost
CUST1424,510,1,1799.69,4,,5,,Lost
CUST1425,788,1,1101.57,3,,3,,Lost
CUST1426,517,1,1218.7,4,,4,,Lost
CUST1427,419,1,1457.61,4,,4,,Lost
CUST1428,393,1,849.68,5,,2,,Lost
CUST1429,766,1,841.59,3,,2,,Lost
CUST1430,428,1,1228.83,4,,4,,Lost
CUST1431,788,1,795.0,3,,2,,Lost
CUST1432,983,1,391.98,2,,1,,Lost
CUST1433,1169,1,418.6,2,,1,,Lost
CUST1434,1023,1,1106.19,2,,3,,Lost
CUST1435,811,1,1338.93,3,,4,,Lost
CUST1436,683,1,1815.48,3,,5,,Lost
CUST1437,584,1,278.08,4,,1,,Lost
CUST1438,711,1,1390.32,3,,4,,Lost
CUST1439,657,1,174.96,3,,1,,Lost
CUST1440,398,1,123.64,5,,1,,Lost
CUST1441,1095,1,580.8,2,,2,,Lost
CUST1442,370,1,192.54000000000002,5,,1,,Lost
CUST1443,912,1,1409.68,2,,4,,Lost
CUST1444,400,1,1656.3600000000001,5,,5,,Lost
CUST1445,648,1,839.04,4,,2,,Lost
CUST1446,891,1,552.26,2,,2,,Lost
CUST1447,1204,1,1510.04,1,,4,,Lost
CUST1448,465,1,900.5699999999999,4,,3,,Lost
CUST1449,675,1,818.01,3,,2,,Lost
CUST1450,1221,1,260.15,1,,1,,Lost
CUST1451,481,1,309.76,4,,1,,Lost
CUST1452,1269,1,1068.1200000000001,1,,3,,Lost
CUST1453,583,1,777.02,4,,2,,Lost
CUST1454,995,1,1727.46,2,,5,,Lost
CUST1455,497,1,433.8,4,,1,,Lost
CUST1456,674,1,155.88,3,,1,,Lost
CUST1457,614,1,1174.59,4,,3,,Lost
CUST1458,291,1,1365.8700000000001,5,,4,,Lost
CUST1459,1273,1,1137.99,1,,3,,Lost
CUST1460,711,1,1658.24,3,,5,,Lost
CUST1461,639,1,1947.2400000000002,4,,5,,Lost
CUST1462,1818,1,1030.75,1,,3,,Lost
CUST1463,985,1,1493.98,2,,4,,Lost
CUST1464,283,1,1106.72,5,,3,,Lost
CUST1465,1468,1,1069.68,1,,3,,Lost
CUST1466,760,1,638.11,3,,2,,Lost
CUST1467,1523,1,1802.56,1,,5,,Lost
CUST1468,1101,1,1201.5,2,,3,,Lost
CUST1469,900,1,1281.06,2,,4,,Lost
CUST1470,1055,1,1482.96,2,,4,,Lost
CUST1471,237,1,702.4,5,,2,,Lost
CUST1472,396,1,391.12,5,,1,,Lost
CUST1473,988,1,1778.3999999999999,2,,5,,Lost
CUST1474,1110,1,1064.18,2,,3,,Lost
CUST1475,1052,1,980.6,2,,3,,Lost
CUST1476,600,1,1883.16,4,,5,,Lost
CUST1477,881,1,835.04,3,,2,,Lost
CUST1478,388,1,998.08,5,,3,,Lost
CUST1479,346,1,541.26,5,,2,,Lost
CUST1480,206,1,1109.88,5,,3,,Lost
CUST1481,990,1,664.35,2,,2,,Lost
CUST1482,957,1,1062.56,2,,3,,Lost
CUST1483,420,1,554.08,4,,2,,Lost
CUST1484,689,1,952.1500000000001,3,,3,,Lost
CUST1485,1000,1,1598.38,2,,5,,Lost
CUST1486,1234,1,975.01,1,,3,,Lost
CUST1487,233,1,186.45,5,,1,,Lost
CUST1488,751,1,1075.12,3,,3,,Lost
CUST1489,304,1,1890.6,5,,5,,Lost
CUST1490,748,1,873.28,3,,3,,Lost
CUST1491,1149,1,1307.45,2,,4,,Lost
CUST1492,691,1,486.36,3,,2,,Lost
CUST1493,207,1,1481.71,5,,4,,Lost
CUST1494,855,1,1702.89,3,,5,,Lost
CUST1495,1526,1,1084.56,1,,3,,Lost
CUST1496,1130,1,1984.05,2,,5,,Lost
CUST1497,380,1,1673.52,5,,5,,Lost
CUST1498,1441,1,143.92,1,,1,,Lost
CUST1499,1269,1,1601.28,1,,5,,Lost
CUST1500,1451,1,1748.97,1,,5,,Lost
CUST1501,994,1,614.28,2,,2,,Lost
CUST1502,393,1,1545.76,5,,4,,Lost
CUST1503,630,1,1993.12,4,,5,,Lost
CUST1504,322,1,1931.34,5,,5,,Lost
CUST1505,257,1,1213.7400000000002,5,,4,,Lost
CUST1506,1349,1,472.48,1,,2,,Lost
CUST1507,203,1,818.9,5,,2,,Lost
CUST1508,772,1,1838.34,3,,5,,Lost
CUST1509,556,1,1458.45,4,,4,,Lost
CUST1510,210,1,748.92,5,,2,,Lost
CUST1511,530,1,570.43,4,,2,,Lost
CUST1512,268,1,108.12,5,,1,,Lost
CUST1513,264,1,1704.8500000000001,5,,5,,Lost
CUST1514,1133,1,1285.6200000000001,2,,4,,Lost
CUST1515,1070,1,704.01,2,,2,,Lost
CUST1516,973,1,1280.25,2,,4,,Lost
CUST1517,893,1,697.08,2,,2,,Lost
CUST1518,1277,1,1930.44,1,,5,,Lost
CUST1519,1364,1,1334.8500000000001,1,,4,,Lost
CUST1520,1135,1,1419.8,2,,4,,Lost
CUST1521,199,1,1529.12,5,,4,,Lost
CUST1522,628,1,869.68,4,,3,,Lost
CUST1523,1434,1,462.0,1,,2,,Lost
CUST1524,1317,1,1025.8,1,,3,,Lost
CUST1525,612,1,1803.3000000000002,4,,5,,Lost
CUST1526,1520,1,604.8,1,,2,,Lost
CUST1527,589,1,1582.47,4,,4,,Lost
CUST1528,1074,1,1197.66,2,,3,,Lost
CUST1529,403,1,681.84,5,,2,,Lost
CUST1530,634,1,507.99,4,,2,,Lost
CUST1531,1302,1,1398.95,1,,4,,Lost
CUST1532,1039,1,75.72,2,,1,,Lost
CUST1533,618,1,1180.4,4,,3,,Lost
CUST1534,823,1,744.1200000000001,3,,2,,Lost
CUST1535,790,1,1607.67,3,,5,,Lost
CUST1536,1096,1,179.52,2,,1,,Lost
CUST1537,493,1,1773.52,4,,5,,Lost
CUST1538,594,1,1515.28,4,,4,,Lost
CUST1539,366,1,1322.73,5,,4,,Lost
CUST1540,1310,1,1889.64,1,,5,,Lost
CUST1541,388,1,1785.48,5,,5,,Lost
CUST1542,831,1,1767.84,3,,5,,Lost
CUST1543,1499,1,699.99,1,,2,,Lost
CUST1544,234,1,1512.45,5,,4,,Lost
CUST1545,734,1,1136.7,3,,3,,Lost
CUST1546,1146,1,493.26,2,,2,,Lost
CUST1547,219,1,577.99,5,,2,,Lost
CUST1548,327,1,1172.92,5,,3,,Lost
CUST1549,1400,1,1133.94,1,,3,,Lost
CUST1550,307,1,1809.12,5,,5,,Lost
CUST1551,904,1,1220.25,2,,4,,Lost
CUST1552,1156,1,205.02,2,,1,,Lost
CUST1553,240,1,1376.19,5,,4,,Lost
CUST1554,736,1,231.68,3,,1,,Lost
CUST1555,722,1,1175.79,3,,3,,Lost
CUST1556,1170,1,988.29,2,,3,,Lost
CUST1557,462,1,1543.19,4,,4,,Lost
CUST1558,1017,1,1049.02,2,,3,,Lost
CUST1559,1659,1,1369.52,1,,4,,Lost
CUST1560,377,1,1483.02,5,,4,,Lost
CUST1561,682,1,1433.34,3,,4,,Lost
CUST1562,494,1,265.76,4,,1,,Lost
CUST1563,688,1,1815.34,3,,5,,Lost
CUST1564,680,1,68.0,3,,1,,Lost
CUST1565,490,1,648.48,4,,2,,Lost
CUST1566,1340,1,110.64000000000001,1,,1,,Lost
CUST1567,1573,1,1321.44,1,,4,,Lost
CUST1568,851,1,972.9300000000001,3,,3,,Lost
CUST1569,904,1,225.75,2,,1,,Lost
CUST1570,831,1,1064.96,3,,3,,Lost
CUST1571,1041,1,1151.19,2,,3,,Lost
CUST1572,306,1,345.45,5,,1,,Lost
CUST1573,833,1,114.21,3,,1,,Lost
CUST1574,263,1,441.28,5,,2,,Lost
CUST1575,262,1,1829.12,5,,5,,Lost
CUST1576,1035,1,1662.5099999999998,2,,5,,Lost
CUST1577,1718,1,559.72,1,,2,,Lost
CUST1578,916,1,958.83,2,,3,,Lost
CUST1579,811,1,429.24,3,,1,,Lost
CUST1580,1034,1,294.32,2,,1,,Lost
CUST1581,1061,1,1276.55,2,,4,,Lost
CUST1582,1553,1,1366.7,1,,4,,Lost
CUST1583,724,1,688.9499999999999,3,,2,,Lost
CUST1584,189,1,1237.04,5,,4,,Lost
CUST1585,485,1,215.39999999999998,4,,1,,Lost
CUST1586,408,1,1977.3600000000001,4,,5,,Lost
CUST1587,1194,1,1243.6899999999998,1,,4,,Lost
CUST1588,1013,1,1505.14,2,,4,,Lost
CUST1589,220,1,978.5,5,,3,,Lost
CUST1590,491,1,360.78,4,,1,,Lost
CUST1591,802,1,1103.92,3,,3,,Lost
CUST1592,512,1,739.41,4,,2,,Lost
CUST1593,753,1,1708.08,3,,5,,Lost
CUST1594,317,1,838.26,5,,2,,Lost
CUST1595,865,1,175.82999999999998,3,,1,,Lost
CUST1596,731,1,1568.22,3,,4,,Lost
CUST1597,1843,1,1395.2,1,,4,,Lost
CUST1598,956,1,1837.6499999999999,2,,5,,Lost
CUST1599,601,1,300.88,4,,1,,Lost
CUST1600,318,1,1064.07,5,,3,,Lost
CUST1601,674,1,1043.23,3,,3,,Lost
CUST1602,470,1,1859.19,4,,5,,Lost
CUST1603,192,1,1347.84,5,,4,,Lost
CUST1604,253,1,1181.37,5,,3,,Lost
CUST1605,445,1,506.16,4,,2,,Lost
CUST1606,1036,1,1835.04,2,,5,,Lost
CUST1607,1232,1,39.36,1,,1,,Lost
CUST1608,759,1,1259.2,3,,4,,Lost
CUST1609,1001,1,1901.8,2,,5,,Lost
CUST1610,1377,1,449.64,1,,2,,Lost
CUST1611,1512,1,375.92,1,,1,,Lost
CUST1612,834,1,988.32,3,,3,,Lost
CUST1613,1026,1,1537.28,2,,4,,Lost
CUST1614,686,1,633.08,3,,2,,Lost
CUST1615,553,1,1764.77,4,,5,,Lost
CUST1616,514,1,174.23,4,,1,,Lost
CUST1617,349,1,905.3399999999999,5,,3,,Lost
CUST1618,476,1,1359.28,4,,4,,Lost
CUST1619,1632,1,379.24,1,,1,,Lost
CUST1620,513,1,506.43,4,,2,,Lost
CUST1621,930,1,415.64,2,,1,,Lost
CUST1622,1358,1,121.05000000000001,1,,1,,Lost
CUST1623,1074,1,1059.36,2,,3,,Lost
CUST1624,1023,1,885.5,2,,3,,Lost
CUST1625,1865,1,1677.13,1,,5,,Lost
CUST1626,322,1,826.9499999999999,5,,2,,Lost
CUST1627,861,1,890.88,3,,3,,Lost
CUST1628,662,1,1686.87,3,,5,,Lost
CUST1629,485,1,868.48,4,,3,,Lost
CUST1630,649,1,1816.8,4,,5,,Lost
CUST1631,595,1,1904.04,4,,5,,Lost
CUST1632,750,1,1879.5,3,,5,,Lost
CUST1633,763,1,1398.88,3,,4,,Lost
CUST1634,1263,1,1657.76,1,,5,,Lost
CUST1635,202,1,930.04,5,,3,,Lost
CUST1636,941,1,604.71,2,,2,,Lost
CUST1637,214,1,671.28,5,,2,,Lost
CUST1638,191,1,924.05,5,,3,,Lost
CUST1639,1598,1,510.48,1,,2,,Lost
CUST1640,237,1,1436.0,5,,4,,Lost
CUST1641,1240,1,292.6,1,,1,,Lost
CUST1642,219,1,1083.84,5,,3,,Lost
CUST1643,888,1,1283.28,2,,4,,Lost
CUST1644,432,1,993.51,4,,3,,Lost
CUST1645,201,1,1213.32,5,,3,,Lost
CUST1646,816,1,1177.68,3,,3,,Lost
CUST1647,220,1,422.16,5,,1,,Lost
CUST1648,941,1,461.84,2,,2,,Lost
CUST1649,868,1,1572.16,3,,4,,Lost
CUST1650,839,1,621.36,3,,2,,Lost
CUST1651,1250,1,256.20000000000005,1,,1,,Lost
CUST1652,583,1,1165.65,4,,3,,Lost
CUST1653,1523,1,343.42,1,,1,,Lost
CUST1654,580,1,494.93999999999994,4,,2,,Lost
CUST1655,697,1,859.29,3,,3,,Lost
CUST1656,996,1,334.96,2,,1,,Lost
CUST1657,391,1,980.8,5,,3,,Lost
CUST1658,913,1,1389.86,2,,4,,Lost
CUST1659,390,1,934.56,5,,3,,Lost
CUST1660,456,1,1315.53,4,,4,,Lost
CUST1661,1347,1,292.32,1,,1,,Lost
CUST1662,363,1,891.6,5,,3,,Lost
CUST1663,330,1,1671.12,5,,5,,Lost
CUST1664,328,1,1982.34,5,,5,,Lost
CUST1665,889,1,900.6600000000001,2,,3,,Lost
CUST1666,624,1,566.52,4,,2,,Lost
CUST1667,966,1,986.68,2,,3,,Lost
CUST1668,631,1,1015.44,4,,3,,Lost
CUST1669,216,1,1729.89,5,,5,,Lost
CUST1670,949,1,251.73,2,,1,,Lost
CUST1671,1079,1,1024.44,2,,3,,Lost
CUST1672,1092,1,624.85,2,,2,,Lost
CUST1673,1319,1,547.3299999999999,1,,2,,Lost
CUST1674,379,1,1505.35,5,,4,,Lost
CUST1675,894,1,259.05,2,,1,,Lost
CUST1676,1064,1,1635.1,2,,5,,Lost
CUST1677,309,1,940.8,5,,3,,Lost
CUST1678,637,1,1464.84,4,,4,,Lost
CUST1679,1611,1,285.6,1,,1,,Lost
CUST1680,361,1,1341.32,5,,4,,Lost
CUST1681,759,1,213.06,3,,1,,Lost
CUST1682,1216,1,291.6,1,,1,,Lost
CUST1683,579,1,24.709999999999997,4,,1,,Lost
CUST1684,347,1,1951.85,5,,5,,Lost
CUST1685,1116,1,74.34,2,,1,,Lost
CUST1686,1786,1,85.44,1,,1,,Lost
CUST1687,538,1,1707.94,4,,5,,Lost
CUST1688,448,1,597.96,4,,2,,Lost
CUST1689,1507,1,139.98,1,,1,,Lost
CUST1690,828,1,1171.71,3,,3,,Lost
CUST1691,592,1,1584.6000000000001,4,,4,,Lost
CUST1692,1052,1,1324.26,2,,4,,Lost
CUST1693,759,1,273.71999999999997,3,,1,,Lost
CUST1694,666,1,432.65,3,,1,,Lost
CUST1695,527,1,174.33,4,,1,,Lost
CUST1696,1175,1,1070.67,1,,3,,Lost
CUST1697,1648,1,1976.22,1,,5,,Lost
CUST1698,210,1,1371.02,5,,4,,Lost
CUST1699,1265,1,206.78,1,,1,,Lost
CUST1700,579,1,621.8,4,,2,,Lost
CUST1701,894,1,127.44999999999999,2,,1,,Lost
CUST1702,191,1,130.76,5,,1,,Lost
CUST1703,700,1,1143.02,3,,3,,Lost
CUST1704,704,1,158.58,3,,1,,Lost
CUST1705,425,1,1172.01,4,,3,,Lost
CUST1706,965,1,1224.25,2,,4,,Lost
CUST1707,858,1,517.79,3,,2,,Lost
CUST1708,609,1,1797.52,4,,5,,Lost
CUST1709,1268,1,837.44,1,,2,,Lost
CUST1710,1427,1,1287.36,1,,4,,Lost
CUST1711,352,1,657.36,5,,2,,Lost
CUST1712,1116,1,1316.77,2,,4,,Lost
CUST1713,397,1,1719.4499999999998,5,,5,,Lost
CUST1714,1618,1,1167.08,1,,3,,Lost
CUST1715,245,1,1446.9,5,,4,,Lost
CUST1716,579,1,1479.36,4,,4,,Lost
CUST1717,842,1,764.8,3,,2,,Lost
CUST1718,1490,1,84.35000000000001,1,,1,,Lost
CUST1719,1003,1,1754.96,2,,5,,Lost
CUST1720,543,1,903.7700000000001,4,,3,,Lost
CUST1721,1371,1,699.1,1,,2,,Lost
CUST1722,650,1,61.92,4,,1,,Lost
CUST1723,196,1,1764.8999999999999,5,,5,,Lost
CUST1724,382,1,1562.7599999999998,5,,4,,Lost
CUST1725,415,1,1033.25,4,,3,,Lost
CUST1726,1061,1,477.57,2,,2,,Lost
CUST1727,1180,1,413.40000000000003,1,,1,,Lost
CUST1728,425,1,1671.8100000000002,4,,5,,Lost
CUST1729,267,1,601.4,5,,2,,Lost
CUST1730,681,1,880.32,3,,3,,Lost
CUST1731,564,1,425.19,4,,1,,Lost
CUST1732,781,1,1310.43,3,,4,,Lost
CUST1733,1027,1,163.95,2,,1,,Lost
CUST1734,678,1,1071.42,3,,3,,Lost
CUST1735,308,1,165.87,5,,1,,Lost
CUST1736,1665,1,1297.04,1,,4,,Lost
CUST1737,875,1,863.44,3,,3,,Lost
CUST1738,919,1,1792.08,2,,5,,Lost
CUST1739,571,1,808.92,4,,2,,Lost
CUST1740,463,1,412.98,4,,1,,Lost
CUST1741,1785,1,750.12,1,,2,,Lost
CUST1742,1143,1,1126.48,2,,3,,Lost
CUST1743,485,1,468.78999999999996,4,,2,,Lost
CUST1744,414,1,365.45000000000005,4,,1,,Lost
CUST1745,977,1,1326.91,2,,4,,Lost
CUST1746,1195,1,374.7,1,,1,,Lost
CUST1747,494,1,842.28,4,,2,,Lost
CUST1748,323,1,970.83,5,,3,,Lost
CUST1749,979,1,1673.64,2,,5,,Lost
CUST1750,343,1,1266.58,5,,4,,Lost
CUST1751,1056,1,416.40000000000003,2,,1,,Lost
CUST1752,532,1,856.16,4,,2,,Lost
CUST1753,371,1,1860.03,5,,5,,Lost
CUST1754,365,1,525.3,5,,2,,Lost
CUST1755,1056,1,874.5999999999999,2,,3,,Lost
CUST1756,807,1,1219.17,3,,4,,Lost
CUST1757,444,1,1718.46,4,,5,,Lost
CUST1758,1867,1,1815.84,1,,5,,Lost
CUST1759,1341,1,747.4,1,,2,,Lost
CUST1760,1154,1,1226.52,2,,4,,Lost
CUST1761,827,1,939.5999999999999,3,,3,,Lost
CUST1762,836,1,1779.7,3,,5,,Lost
CUST1763,1041,1,538.15,2,,2,,Lost
CUST1764,566,1,625.24,4,,2,,Lost
CUST1765,437,1,1484.7,4,,4,,Lost
CUST1766,292,1,1814.97,5,,5,,Lost
CUST1767,341,1,1339.65,5,,4,,Lost
CUST1768,208,1,1809.44,5,,5,,Lost
CUST1769,1369,1,1781.1,1,,5,,Lost
CUST1770,220,1,691.76,5,,2,,Lost
CUST1771,864,1,944.1,3,,3,,Lost
CUST1772,751,1,1877.52,3,,5,,Lost
CUST1773,1116,1,1603.98,2,,5,,Lost
CUST1774,1712,1,852.39,1,,2,,Lost
CUST1775,481,1,1069.92,4,,3,,Lost
CUST1776,766,1,1866.7,3,,5,,Lost
CUST1777,971,1,1473.3,2,,4,,Lost
CUST1778,1215,1,623.28,1,,2,,Lost
CUST1779,236,1,848.8,5,,2,,Lost
CUST1780,1040,1,1612.53,2,,5,,Lost
CUST1781,1391,1,563.6700000000001,1,,2,,Lost
CUST1782,604,1,957.36,4,,3,,Lost
CUST1783,928,1,1042.78,2,,3,,Lost
CUST1784,469,1,1857.33,4,,5,,Lost
CUST1785,581,1,1661.28,4,,5,,Lost
CUST1786,221,1,1183.48,5,,3,,Lost
CUST1787,574,1,645.92,4,,2,,Lost
CUST1788,1113,1,1839.3600000000001,2,,5,,Lost
CUST1789,345,1,1779.1999999999998,5,,5,,Lost
CUST1790,1027,1,1830.76,2,,5,,Lost
CUST1791,796,1,1121.26,3,,3,,Lost
CUST1792,729,1,1852.8899999999999,3,,5,,Lost
CUST1793,1432,1,1606.56,1,,5,,Lost
CUST1794,188,1,910.95,5,,3,,Lost
CUST1795,652,1,372.08,3,,1,,Lost
CUST1796,985,1,1328.0,2,,4,,Lost
CUST1797,1254,1,424.14,1,,1,,Lost
CUST1798,393,1,1556.52,5,,4,,Lost
CUST1799,1045,1,775.47,2,,2,,Lost
CUST1800,646,1,1652.22,4,,5,,Lost
CUST1801,487,1,562.88,4,,2,,Lost
CUST1802,214,1,1168.24,5,,3,,Lost
CUST1803,551,1,1925.49,4,,5,,Lost
CUST1804,1008,1,1371.24,2,,4,,Lost
CUST1805,732,1,1240.98,3,,4,,Lost
CUST1806,1207,1,492.75,1,,2,,Lost
CUST1807,640,1,536.04,4,,2,,Lost
CUST1808,1023,1,1926.42,2,,5,,Lost
CUST1809,945,1,1727.6,2,,5,,Lost
CUST1810,662,1,636.4,3,,2,,Lost
CUST1811,1047,1,25.76,2,,1,,Lost
CUST1812,1290,1,1237.59,1,,4,,Lost
CUST1813,1095,1,37.68,2,,1,,Lost
CUST1814,949,1,880.6,2,,3,,Lost
CUST1815,1153,1,1159.83,2,,3,,Lost
CUST1816,578,1,1066.96,4,,3,,Lost
CUST1817,724,1,1277.28,3,,4,,Lost
CUST1818,448,1,1555.26,4,,4,,Lost
CUST1819,276,1,1282.64,5,,4,,Lost
CUST1820,1030,1,1690.92,2,,5,,Lost
CUST1821,949,1,163.95,2,,1,,Lost
CUST1822,887,1,576.18,2,,2,,Lost
CUST1823,363,1,1315.5,5,,4,,Lost
CUST1824,200,1,722.91,5,,2,,Lost
CUST1825,1041,1,877.2,2,,3,,Lost
CUST1826,1130,1,589.92,2,,2,,Lost
CUST1827,1091,1,1143.24,2,,3,,Lost
CUST1828,1477,1,494.88,1,,2,,Lost
CUST1829,625,1,1963.4,4,,5,,Lost
CUST1830,843,1,1142.04,3,,3,,Lost
CUST1831,785,1,1741.14,3,,5,,Lost
CUST1832,342,1,1914.1200000000001,5,,5,,Lost
CUST1833,659,1,1892.8200000000002,3,,5,,Lost
CUST1834,610,1,1649.05,4,,5,,Lost
CUST1835,1087,1,1650.18,2,,5,,Lost
CUST1836,964,1,560.12,2,,2,,Lost
CUST1837,541,1,814.72,4,,2,,Lost
CUST1838,1301,1,94.44,1,,1,,Lost
CUST1839,586,1,1156.1999999999998,4,,3,,Lost
CUST1840,1509,1,345.90000000000003,1,,1,,Lost
CUST1841,938,1,1738.1100000000001,2,,5,,Lost
CUST1842,1437,1,1183.74,1,,3,,Lost
CUST1843,250,1,1126.85,5,,3,,Lost
CUST1844,285,1,402.29999999999995,5,,1,,Lost
CUST1845,667,1,1357.6499999999999,3,,4,,Lost
CUST1846,374,1,740.92,5,,2,,Lost
CUST1847,1617,1,1978.02,1,,5,,Lost
CUST1848,907,1,230.96,2,,1,,Lost
CUST1849,448,1,867.64,4,,3,,Lost
CUST1850,688,1,1131.08,3,,3,,Lost
CUST1851,373,1,1146.75,5,,3,,Lost
CUST1852,572,1,1849.62,4,,5,,Lost
CUST1853,199,1,215.64,5,,1,,Lost
CUST1854,626,1,418.81,4,,1,,Lost
CUST1855,314,1,356.15000000000003,5,,1,,Lost
CUST1856,959,1,520.1999999999999,2,,2,,Lost
CUST1857,1013,1,1347.36,2,,4,,Lost
CUST1858,426,1,1839.64,4,,5,,Lost
CUST1859,1398,1,1661.1000000000001,1,,5,,Lost
CUST1860,979,1,987.48,2,,3,,Lost
CUST1861,415,1,1483.92,4,,4,,Lost
CUST1862,1677,1,844.34,1,,2,,Lost
CUST1863,626,1,97.04,4,,1,,Lost
CUST1864,646,1,1005.36,4,,3,,Lost
CUST1865,808,1,1288.1999999999998,3,,4,,Lost
CUST1866,347,1,813.33,5,,2,,Lost
CUST1867,1604,1,1469.8799999999999,1,,4,,Lost
CUST1868,870,1,1961.3,3,,5,,Lost
CUST1869,931,1,81.66,2,,1,,Lost
CUST1870,1438,1,649.95,1,,2,,Lost
CUST1871,1191,1,33.42,1,,1,,Lost
CUST1872,1472,1,1575.72,1,,4,,Lost
CUST1873,321,1,43.44,5,,1,,Lost
CUST1874,409,1,1949.8500000000001,4,,5,,Lost
CUST1875,1101,1,1927.6200000000001,2,,5,,Lost
CUST1876,298,1,691.62,5,,2,,Lost
CUST1877,598,1,1168.56,4,,3,,Lost
CUST1878,929,1,359.59,2,,1,,Lost
CUST1879,1846,1,368.07,1,,1,,Lost
CUST1880,266,1,1983.72,5,,5,,Lost
CUST1881,1107,1,1422.36,2,,4,,Lost
CUST1882,219,1,619.14,5,,2,,Lost
CUST1883,1489,1,633.44,1,,2,,Lost
CUST1884,929,1,1530.84,2,,4,,Lost
CUST1885,1363,1,298.4,1,,1,,Lost
CUST1886,542,1,1635.76,4,,5,,Lost
CUST1887,858,1,135.16,3,,1,,Lost
CUST1888,1270,1,966.24,1,,3,,Lost
CUST1889,414,1,55.7,4,,1,,Lost
CUST1890,1156,1,1928.31,2,,5,,Lost
CUST1891,265,1,811.98,5,,2,,Lost
CUST1892,453,1,1715.8200000000002,4,,5,,Lost
CUST1893,211,1,1472.0500000000002,5,,4,,Lost
CUST1894,525,1,477.46999999999997,4,,2,,Lost
CUST1895,1064,1,404.04,2,,1,,Lost
CUST1896,456,1,1475.35,4,,4,,Lost
CUST1897,734,1,1514.7,3,,4,,Lost
CUST1898,844,1,1210.59,3,,3,,Lost
CUST1899,1443,1,1421.3500000000001,1,,4,,Lost
CUST1900,768,1,1936.1399999999999,3,,5,,Lost
CUST1901,427,1,1583.24,4,,4,,Lost
CUST1902,822,1,1305.48,3,,4,,Lost
CUST1903,553,1,1200.43,4,,3,,Lost
CUST1904,368,1,1545.42,5,,4,,Lost
CUST1905,217,1,165.62,5,,1,,Lost
CUST1906,399,1,1715.6399999999999,5,,5,,Lost
CUST1907,389,1,1649.04,5,,5,,Lost
CUST1908,993,1,781.13,2,,2,,Lost
CUST1909,611,1,951.0200000000001,4,,3,,Lost
CUST1910,1379,1,1957.23,1,,5,,Lost
CUST1911,681,1,191.03,3,,1,,Lost
CUST1912,393,1,908.16,5,,3,,Lost
CUST1913,378,1,651.28,5,,2,,Lost
CUST1914,462,1,99.6,4,,1,,Lost
CUST1915,854,1,211.06,3,,1,,Lost
CUST1916,1271,1,1596.33,1,,5,,Lost
CUST1917,1208,1,236.75,1,,1,,Lost
CUST1918,1038,1,539.04,2,,2,,Lost
CUST1919,1519,1,1894.96,1,,5,,Lost
CUST1920,798,1,1943.08,3,,5,,Lost
CUST1921,446,1,1339.8000000000002,4,,4,,Lost
CUST1922,1758,1,1134.32,1,,3,,Lost
CUST1923,1445,1,1897.2599999999998,1,,5,,Lost
CUST1924,282,1,253.96,5,,1,,Lost
CUST1925,746,1,314.54,3,,1,,Lost
CUST1926,1058,1,1285.2,2,,4,,Lost
CUST1927,888,1,1631.0,2,,5,,Lost
CUST1928,977,1,1829.61,2,,5,,Lost
CUST1929,1385,1,1151.92,1,,3,,Lost
CUST1930,854,1,1187.15,3,,3,,Lost
CUST1931,517,1,82.52,4,,1,,Lost
CUST1932,276,1,1768.44,5,,5,,Lost
CUST1933,383,1,1101.8,5,,3,,Lost
CUST1934,312,1,1681.72,5,,5,,Lost
CUST1935,650,1,1607.6399999999999,4,,5,,Lost
CUST1936,882,1,1768.56,3,,5,,Lost
CUST1937,602,1,794.4,4,,2,,Lost
CUST1938,1386,1,1782.82,1,,5,,Lost
CUST1939,1304,1,1728.37,1,,5,,Lost
CUST1940,1084,1,290.5,2,,1,,Lost
CUST1941,595,1,247.7,4,,1,,Lost
CUST1942,755,1,1974.95,3,,5,,Lost
CUST1943,1047,1,704.88,2,,2,,Lost
CUST1944,700,1,1051.56,3,,3,,Lost
CUST1945,1165,1,1022.76,2,,3,,Lost
CUST1946,758,1,1743.7,3,,5,,Lost
CUST1947,1333,1,1411.1100000000001,1,,4,,Lost
CUST1948,1713,1,1747.25,1,,5,,Lost
CUST1949,1300,1,1480.26,1,,4,,Lost
CUST1950,663,1,879.52,3,,3,,Lost
CUST1951,896,1,272.3,2,,1,,Lost
CUST1952,915,1,1413.96,2,,4,,Lost
CUST1953,307,1,1880.02,5,,5,,Lost
CUST1954,420,1,499.68,4,,2,,Lost
CUST1955,370,1,438.12,5,,2,,Lost
CUST1956,324,1,1802.85,5,,5,,Lost
CUST1957,1571,1,1556.76,1,,4,,Lost
CUST1958,503,1,1153.2599999999998,4,,3,,Lost
CUST1959,1317,1,1226.47,1,,4,,Lost
CUST1960,336,1,536.52,5,,2,,Lost
CUST1961,1281,1,604.8,1,,2,,Lost
CUST1962,204,1,1407.54,5,,4,,Lost
CUST1963,1002,1,1975.9,2,,5,,Lost
CUST1964,289,1,468.30000000000007,5,,2,,Lost
CUST1965,786,1,1602.72,3,,5,,Lost
CUST1966,726,1,751.5,3,,2,,Lost
CUST1967,1366,1,231.36,1,,1,,Lost
CUST1968,612,1,433.26,4,,1,,Lost
CUST1969,430,1,588.99,4,,2,,Lost
CUST1970,332,1,22.740000000000002,5,,1,,Lost
CUST1971,457,1,318.65999999999997,4,,1,,Lost
CUST1972,205,1,542.25,5,,2,,Lost
CUST1973,392,1,1187.68,5,,3,,Lost
CUST1974,1118,1,236.0,2,,1,,Lost
CUST1975,266,1,286.74,5,,1,,Lost
CUST1976,830,1,1021.16,3,,3,,Lost
CUST1977,1169,1,1185.4,2,,3,,Lost
CUST1978,880,1,1954.64,3,,5,,Lost
CUST1979,234,1,528.84,5,,2,,Lost
CUST1980,353,1,1494.5,5,,4,,Lost
CUST1981,302,1,1126.3,5,,3,,Lost
CUST1982,1252,1,411.67,1,,1,,Lost
CUST1983,1371,1,1271.04,1,,4,,Lost
CUST1984,1345,1,1982.82,1,,5,,Lost
CUST1985,709,1,79.44,3,,1,,Lost
CUST1986,741,1,58.0,3,,1,,Lost
CUST1987,1027,1,193.32,2,,1,,Lost
CUST1988,929,1,211.96,2,,1,,Lost
CUST1989,617,1,926.84,4,,3,,Lost
CUST1990,1204,1,1116.1200000000001,1,,3,,Lost
CUST1991,513,1,437.26,4,,2,,Lost
CUST1992,730,1,419.82,3,,1,,Lost
CUST1993,816,1,500.96,3,,2,,Lost
CUST1994,1790,1,404.7,1,,1,,Lost
CUST1995,1014,1,1133.44,2,,3,,Lost
CUST1996,254,1,1488.3000000000002,5,,4,,Lost
CUST1997,853,1,184.60000000000002,3,,1,,Lost
CUST1998,1019,1,22.56,2,,1,,Lost
CUST1999,1130,1,186.75,2,,1,,Lost
CUST2000,399,1,1271.68,5,,4,,Lost
CUST2001,863,1,1643.22,3,,5,,Lost
CUST2002,762,1,816.58,3,,2,,Lost
CUST2003,771,1,1177.96,3,,3,,Lost
CUST2004,196,1,1097.73,5,,3,,Lost
CUST2005,738,1,492.66,3,,2,,Lost
CUST2006,893,1,1718.0500000000002,2,,5,,Lost
CUST2007,948,1,1156.88,2,,3,,Lost
CUST2008,788,1,1162.2,3,,3,,Lost
CUST2009,1538,1,1138.74,1,,3,,Lost
CUST2010,912,1,861.21,2,,3,,Lost
CUST2011,807,1,1748.8,3,,5,,Lost
CUST2012,369,1,46.75,5,,1,,Lost
CUST2013,1277,1,869.42,1,,3,,Lost
CUST2014,675,1,657.9,3,,2,,Lost
CUST2015,699,1,816.04,3,,2,,Lost
CUST2016,879,1,740.9399999999999,3,,2,,Lost
CUST2017,1203,1,1299.12,1,,4,,Lost
CUST2018,1101,1,1154.96,2,,3,,Lost
CUST2019,1559,1,1557.96,1,,4,,Lost
CUST2020,326,1,751.84,5,,2,,Lost
CUST2021,347,1,1235.34,5,,4,,Lost
CUST2022,891,1,1456.5600000000002,2,,4,,Lost
CUST2023,1512,1,1409.2,1,,4,,Lost
CUST2024,1250,1,1129.55,1,,3,,Lost
CUST2025,698,1,578.42,3,,2,,Lost
CUST2026,336,1,717.92,5,,2,,Lost
CUST2027,315,1,1099.9099999999999,5,,3,,Lost
CUST2028,570,1,126.12,4,,1,,Lost
CUST2029,324,1,503.64,5,,2,,Lost
CUST2030,556,1,952.56,4,,3,,Lost
CUST2031,1838,1,1536.84,1,,4,,Lost
CUST2032,1674,1,456.94,1,,2,,Lost
CUST2033,703,1,482.96,3,,2,,Lost
CUST2034,873,1,711.76,3,,2,,Lost
CUST2035,1122,1,774.69,2,,2,,Lost
CUST2036,1472,1,1583.4,1,,4,,Lost
CUST2037,355,1,1623.6,5,,5,,Lost
CUST2038,317,1,642.6,5,,2,,Lost
CUST2039,835,1,985.02,3,,3,,Lost
CUST2040,776,1,1759.76,3,,5,,Lost
CUST2041,1582,1,313.64,1,,1,,Lost
CUST2042,578,1,310.7,4,,1,,Lost
CUST2043,718,1,242.69,3,,1,,Lost
CUST2044,560,1,1707.78,4,,5,,Lost
CUST2045,817,1,1584.06,3,,4,,Lost
CUST2046,700,1,437.55,3,,2,,Lost
CUST2047,569,1,1215.65,4,,4,,Lost
CUST2048,579,1,1760.72,4,,5,,Lost
CUST2049,1149,1,793.56,2,,2,,Lost
CUST2050,465,1,900.36,4,,3,,Lost
CUST2051,372,1,1453.48,5,,4,,Lost
CUST2052,274,1,775.84,5,,2,,Lost
CUST2053,423,1,596.0,4,,2,,Lost
CUST2054,663,1,903.14,3,,3,,Lost
CUST2055,860,1,1171.84,3,,3,,Lost
CUST2056,543,1,1825.62,4,,5,,Lost
CUST2057,403,1,915.96,5,,3,,Lost
CUST2058,1086,1,381.44,2,,1,,Lost
CUST2059,466,1,1265.9,4,,4,,Lost
CUST2060,332,1,908.25,5,,3,,Lost
CUST2061,1130,1,984.42,2,,3,,Lost
CUST2062,764,1,957.3000000000001,3,,3,,Lost
CUST2063,487,1,688.6,4,,2,,Lost
CUST2064,779,1,1628.97,3,,5,,Lost
CUST2065,696,1,800.9100000000001,3,,2,,Lost
CUST2066,1232,1,195.84,1,,1,,Lost
CUST2067,222,1,1690.2,5,,5,,Lost
CUST2068,307,1,1136.8,5,,3,,Lost
CUST2069,548,1,1519.3799999999999,4,,4,,Lost
CUST2070,1543,1,361.27,1,,1,,Lost
CUST2071,585,1,1546.1399999999999,4,,4,,Lost
CUST2072,1745,1,270.03000000000003,1,,1,,Lost
CUST2073,964,1,67.6,2,,1,,Lost
CUST2074,697,1,1082.08,3,,3,,Lost
CUST2075,917,1,1307.76,2,,4,,Lost
CUST2076,300,1,1306.62,5,,4,,Lost
CUST2077,664,1,486.4,3,,2,,Lost
CUST2078,1172,1,470.61,2,,2,,Lost
CUST2079,733,1,1627.1000000000001,3,,5,,Lost
CUST2080,1470,1,1836.72,1,,5,,Lost
CUST2081,545,1,1420.68,4,,4,,Lost
CUST2082,1278,1,920.25,1,,3,,Lost
CUST2083,277,1,1243.8,5,,4,,Lost
CUST2084,1036,1,264.71999999999997,2,,1,,Lost
CUST2085,353,1,1330.98,5,,4,,Lost
CUST2086,1431,1,460.25,1,,2,,Lost
CUST2087,916,1,1719.1799999999998,2,,5,,Lost
CUST2088,464,1,1922.25,4,,5,,Lost
CUST2089,1622,1,553.0500000000001,1,,2,,Lost
CUST2090,1088,1,1905.92,2,,5,,Lost
CUST2091,361,1,1085.74,5,,3,,Lost
CUST2092,811,1,1965.92,3,,5,,Lost
CUST2093,683,1,928.11,3,,3,,Lost
CUST2094,1176,1,33.6,1,,1,,Lost
CUST2095,942,1,988.88,2,,3,,Lost
CUST2096,500,1,847.2800000000001,4,,2,,Lost
CUST2097,816,1,1028.37,3,,3,,Lost
CUST2098,920,1,1319.96,2,,4,,Lost
CUST2099,310,1,337.04,5,,1,,Lost
CUST2100,1233,1,1252.96,1,,4,,Lost
CUST2101,725,1,1047.2,3,,3,,Lost
CUST2102,795,1,1464.32,3,,4,,Lost
CUST2103,246,1,1512.75,5,,4,,Lost
CUST2104,492,1,145.0,4,,1,,Lost
CUST2105,603,1,1194.42,4,,3,,Lost
CUST2106,930,1,1094.56,2,,3,,Lost
CUST2107,1144,1,1491.08,2,,4,,Lost
CUST2108,1054,1,1575.72,2,,4,,Lost
CUST2109,764,1,1785.88,3,,5,,Lost
CUST2110,1147,1,816.72,2,,2,,Lost
CUST2111,1073,1,1929.0,2,,5,,Lost
CUST2112,712,1,1074.4,3,,3,,Lost
CUST2113,1660,1,1143.35,1,,3,,Lost
CUST2114,1035,1,1801.1000000000001,2,,5,,Lost
CUST2115,901,1,297.15,2,,1,,Lost
CUST2116,894,1,1487.29,2,,4,,Lost
CUST2117,1362,1,112.96,1,,1,,Lost
CUST2118,1973,1,1033.48,1,,3,,Lost
CUST2119,651,1,1273.05,3,,4,,Lost
CUST2120,814,1,475.29,3,,2,,Lost
CUST2121,587,1,849.05,4,,2,,Lost
CUST2122,810,1,671.9399999999999,3,,2,,Lost
CUST2123,1416,1,1692.8999999999999,1,,5,,Lost
CUST2124,708,1,978.84,3,,3,,Lost
CUST2125,1922,1,603.87,1,,2,,Lost
CUST2126,1249,1,464.22,1,,2,,Lost
CUST2127,195,1,252.60000000000002,5,,1,,Lost
CUST2128,507,1,814.08,4,,2,,Lost
CUST2129,1433,1,1916.28,1,,5,,Lost
CUST2130,751,1,1074.1499999999999,3,,3,,Lost
CUST2131,276,1,183.75,5,,1,,Lost
CUST2132,1020,1,683.28,2,,2,,Lost
CUST2133,631,1,1520.55,4,,4,,Lost
CUST2134,820,1,59.400000000000006,3,,1,,Lost
CUST2135,551,1,1802.16,4,,5,,Lost
CUST2136,606,1,364.72,4,,1,,Lost
CUST2137,1077,1,168.76,2,,1,,Lost
CUST2138,1131,1,1192.3799999999999,2,,3,,Lost
CUST2139,314,1,339.6,5,,1,,Lost
CUST2140,1186,1,581.84,1,,2,,Lost
CUST2141,1254,1,861.64,1,,3,,Lost
CUST2142,1150,1,733.92,2,,2,,Lost
CUST2143,796,1,515.52,3,,2,,Lost
CUST2144,266,1,776.55,5,,2,,Lost
CUST2145,1752,1,776.04,1,,2,,Lost
CUST2146,491,1,809.6999999999999,4,,2,,Lost
CUST2147,214,1,449.08,5,,2,,Lost
CUST2148,1468,1,1056.9,1,,3,,Lost
CUST2149,298,1,583.1999999999999,5,,2,,Lost
CUST2150,695,1,1323.28,3,,4,,Lost
CUST2151,425,1,1547.7,4,,4,,Lost
CUST2152,205,1,1991.34,5,,5,,Lost
CUST2153,371,1,1882.24,5,,5,,Lost
CUST2154,339,1,1010.74,5,,3,,Lost
CUST2155,967,1,38.46,2,,1,,Lost
CUST2156,476,1,231.24,4,,1,,Lost
CUST2157,843,1,1492.4,3,,4,,Lost
CUST2158,230,1,1051.82,5,,3,,Lost
CUST2159,203,1,1468.08,5,,4,,Lost
CUST2160,813,1,1046.67,3,,3,,Lost
CUST2161,1352,1,1024.29,1,,3,,Lost
CUST2162,1766,1,153.84,1,,1,,Lost
CUST2163,549,1,264.32,4,,1,,Lost
CUST2164,842,1,1065.6,3,,3,,Lost
CUST2165,1395,1,1635.48,1,,5,,Lost
CUST2166,1057,1,691.76,2,,2,,Lost
CUST2167,180,1,1231.84,5,,4,,Lost
CUST2168,1494,1,1324.92,1,,4,,Lost
CUST2169,1009,1,1470.99,2,,4,,Lost
CUST2170,647,1,1899.95,4,,5,,Lost
CUST2171,368,1,1562.04,5,,4,,Lost
CUST2172,1245,1,1119.1,1,,3,,Lost
CUST2173,1815,1,1881.0400000000002,1,,5,,Lost
CUST2174,809,1,1142.08,3,,3,,Lost
CUST2175,1293,1,1064.3400000000001,1,,3,,Lost
CUST2176,1139,1,1335.36,2,,4,,Lost
CUST2177,339,1,1356.12,5,,4,,Lost
CUST2178,179,1,1972.38,5,,5,,Lost
CUST2179,939,1,348.57,2,,1,,Lost
CUST2180,1642,1,1613.36,1,,5,,Lost
CUST2181,810,1,33.2,3,,1,,Lost
CUST2182,699,1,1175.8500000000001,3,,3,,Lost
CUST2183,846,1,899.4000000000001,3,,3,,Lost
CUST2184,1198,1,643.98,1,,2,,Lost
CUST2185,1109,1,819.6,2,,2,,Lost
CUST2186,953,1,1077.21,2,,3,,Lost
CUST2187,808,1,1264.72,3,,4,,Lost
CUST2188,880,1,665.88,3,,2,,Lost
CUST2189,468,1,1894.9,4,,5,,Lost
CUST2190,1104,1,1805.8200000000002,2,,5,,Lost
CUST2191,751,1,611.12,3,,2,,Lost
CUST2192,1680,1,1482.18,1,,4,,Lost
CUST2193,768,1,862.8,3,,3,,Lost
CUST2194,188,1,1896.6,5,,5,,Lost
CUST2195,958,1,33.199999999999996,2,,1,,Lost
CUST2196,666,1,1514.94,3,,4,,Lost
CUST2197,954,1,1921.75,2,,5,,Lost
CUST2198,1032,1,1008.76,2,,3,,Lost
CUST2199,837,1,1685.97,3,,5,,Lost
CUST2200,833,1,470.52,3,,2,,Lost
CUST2201,886,1,948.96,2,,3,,Lost
CUST2202,1521,1,1955.16,1,,5,,Lost
CUST2203,860,1,1184.34,3,,3,,Lost
CUST2204,715,1,694.4699999999999,3,,2,,Lost
CUST2205,714,1,1591.7400000000002,3,,4,,Lost
CUST2206,440,1,1298.1999999999998,4,,4,,Lost
CUST2207,780,1,1745.79,3,,5,,Lost
CUST2208,1174,1,297.19,1,,1,,Lost
CUST2209,281,1,699.48,5,,2,,Lost
CUST2210,329,1,603.4,5,,2,,Lost
CUST2211,1211,1,354.0,1,,1,,Lost
CUST2212,644,1,1154.72,4,,3,,Lost
CUST2213,756,1,1855.4,3,,5,,Lost
CUST2214,1001,1,29.12,2,,1,,Lost
CUST2215,802,1,395.36,3,,1,,Lost
CUST2216,1103,1,1096.29,2,,3,,Lost
CUST2217,456,1,613.92,4,,2,,Lost
CUST2218,451,1,1515.1499999999999,4,,4,,Lost
CUST2219,1382,1,1202.55,1,,3,,Lost
CUST2220,408,1,81.30000000000001,4,,1,,Lost
CUST2221,1023,1,1057.56,2,,3,,Lost
CUST2222,1265,1,1921.6799999999998,1,,5,,Lost
CUST2223,693,1,638.8499999999999,3,,2,,Lost
CUST2224,861,1,1131.48,3,,3,,Lost
CUST2225,445,1,1303.02,4,,4,,Lost
CUST2226,764,1,1779.52,3,,5,,Lost
CUST2227,1142,1,207.83,2,,1,,Lost
CUST2228,337,1,809.28,5,,2,,Lost
CUST2229,722,1,1005.06,3,,3,,Lost
CUST2230,812,1,324.15,3,,1,,Lost
CUST2231,206,1,1994.58,5,,5,,Lost
CUST2232,1880,1,1361.28,1,,4,,Lost
CUST2233,809,1,1785.5600000000002,3,,5,,Lost
CUST2234,1670,1,804.23,1,,2,,Lost
CUST2235,691,1,1155.6,3,,3,,Lost
CUST2236,650,1,416.82,4,,1,,Lost
CUST2237,379,1,1427.64,5,,4,,Lost
CUST2238,636,1,174.92999999999998,4,,1,,Lost
CUST2239,812,1,184.92000000000002,3,,1,,Lost
CUST2240,618,1,1074.12,4,,3,,Lost
CUST2241,1232,1,848.32,1,,2,,Lost
CUST2242,344,1,974.32,5,,3,,Lost
CUST2243,654,1,1984.8,3,,5,,Lost
CUST2244,501,1,610.13,4,,2,,Lost
CUST2245,882,1,553.59,3,,2,,Lost
CUST2246,549,1,1399.52,4,,4,,Lost
CUST2247,283,1,1111.66,5,,3,,Lost
CUST2248,335,1,394.11,5,,1,,Lost
CUST2249,927,1,162.12,2,,1,,Lost
CUST2250,955,1,499.12,2,,2,,Lost
CUST2251,1671,1,1014.1800000000001,1,,3,,Lost
CUST2252,723,1,266.92,3,,1,,Lost
CUST2253,951,1,38.96,2,,1,,Lost
CUST2254,1582,1,526.33,1,,2,,Lost
CUST2255,1252,1,1964.4900000000002,1,,5,,Lost
CUST2256,1169,1,984.4499999999999,2,,3,,Lost
CUST2257,790,1,424.44,3,,1,,Lost
CUST2258,508,1,306.42,4,,1,,Lost
CUST2259,1785,1,1358.9099999999999,1,,4,,Lost
CUST2260,887,1,1161.9,2,,3,,Lost
CUST2261,353,1,210.18,5,,1,,Lost
CUST2262,867,1,91.23,3,,1,,Lost
CUST2263,314,1,1127.94,5,,3,,Lost
CUST2264,625,1,578.12,4,,2,,Lost
CUST2265,1284,1,372.21,1,,1,,Lost
CUST2266,1076,1,1127.8,2,,3,,Lost
CUST2267,668,1,1191.84,3,,3,,Lost
CUST2268,1617,1,1988.48,1,,5,,Lost
CUST2269,759,1,1532.79,3,,4,,Lost
CUST2270,860,1,915.31,3,,3,,Lost
CUST2271,1216,1,969.39,1,,3,,Lost
CUST2272,304,1,401.12,5,,1,,Lost
CUST2273,1661,1,1991.63,1,,5,,Lost
CUST2274,461,1,1147.65,4,,3,,Lost
CUST2275,195,1,149.2,5,,1,,Lost
CUST2276,1166,1,840.06,2,,2,,Lost
CUST2277,719,1,163.1,3,,1,,Lost
CUST2278,750,1,1587.3000000000002,3,,4,,Lost
CUST2279,193,1,61.739999999999995,5,,1,,Lost
CUST2280,493,1,1137.2,4,,3,,Lost
CUST2281,179,1,1313.19,5,,4,,Lost
CUST2282,555,1,526.25,4,,2,,Lost
CUST2283,916,1,585.72,2,,2,,Lost
CUST2284,451,1,1928.52,4,,5,,Lost
CUST2285,281,1,1019.35,5,,3,,Lost
CUST2286,1209,1,729.75,1,,2,,Lost
CUST2287,644,1,337.6,4,,1,,Lost
CUST2288,993,1,1671.92,2,,5,,Lost
CUST2289,506,1,692.16,4,,2,,Lost
CUST2290,626,1,309.36,4,,1,,Lost
CUST2291,955,1,806.96,2,,2,,Lost
CUST2292,1093,1,27.349999999999998,2,,1,,Lost
CUST2293,1166,1,810.4499999999999,2,,2,,Lost
CUST2294,404,1,580.8,5,,2,,Lost
CUST2295,635,1,1457.46,4,,4,,Lost
CUST2296,629,1,1385.72,4,,4,,Lost
CUST2297,346,1,1363.8,5,,4,,Lost
CUST2298,699,1,251.4,3,,1,,Lost
CUST2299,1127,1,572.8,2,,2,,Lost
CUST2300,986,1,731.92,2,,2,,Lost
CUST2301,790,1,45.81,3,,1,,Lost
CUST2302,1183,1,1328.6999999999998,1,,4,,Lost
CUST2303,763,1,1487.52,3,,4,,Lost
CUST2304,1453,1,1684.6,1,,5,,Lost
CUST2305,1378,1,1871.19,1,,5,,Lost
CUST2306,423,1,1237.38,4,,4,,Lost
CUST2307,1539,1,1161.79,1,,3,,Lost
CUST2308,817,1,1693.6499999999999,3,,5,,Lost
CUST2309,585,1,1657.92,4,,5,,Lost
CUST2310,709,1,1284.6299999999999,3,,4,,Lost
CUST2311,553,1,1568.9099999999999,4,,4,,Lost
CUST2312,304,1,617.52,5,,2,,Lost
CUST2313,527,1,128.32,4,,1,,Lost
CUST2314,217,1,1856.8200000000002,5,,5,,Lost
CUST2315,180,1,433.9,5,,1,,Lost
CUST2316,1307,1,1596.0,1,,4,,Lost
CUST2317,1445,1,1175.52,1,,3,,Lost
CUST2318,969,1,1230.75,2,,4,,Lost
CUST2319,1266,1,22.29,1,,1,,Lost
CUST2320,336,1,1383.18,5,,4,,Lost
CUST2321,1418,1,1000.52,1,,3,,Lost
CUST2322,1016,1,1775.6,2,,5,,Lost
CUST2323,548,1,1143.57,4,,3,,Lost
CUST2324,909,1,255.16,2,,1,,Lost
CUST2325,1517,1,1384.53,1,,4,,Lost
CUST2326,675,1,1032.64,3,,3,,Lost
CUST2327,1005,1,263.68,2,,1,,Lost
CUST2328,255,1,1898.8,5,,5,,Lost
CUST2329,1019,1,1629.13,2,,5,,Lost
CUST2330,369,1,553.2,5,,2,,Lost
CUST2331,265,1,836.2199999999999,5,,2,,Lost
CUST2332,1483,1,517.3,1,,2,,Lost
CUST2333,1160,1,1381.08,2,,4,,Lost
CUST2334,523,1,545.36,4,,2,,Lost
CUST2335,985,1,345.36,2,,1,,Lost
CUST2336,707,1,1983.66,3,,5,,Lost
CUST2337,213,1,642.96,5,,2,,Lost
CUST2338,1019,1,1776.88,2,,5,,Lost
CUST2339,268,1,1859.88,5,,5,,Lost
CUST2340,1468,1,1759.6,1,,5,,Lost
CUST2341,1040,1,406.16,2,,1,,Lost
CUST2342,1176,1,1626.72,1,,5,,Lost
CUST2343,362,1,329.58,5,,1,,Lost
CUST2344,1081,1,924.8000000000001,2,,3,,Lost
CUST2345,948,1,1302.3,2,,4,,Lost
CUST2346,1305,1,1868.97,1,,5,,Lost
CUST2347,594,1,1228.1499999999999,4,,4,,Lost
CUST2348,388,1,1914.57,5,,5,,Lost
CUST2349,1637,1,1074.1499999999999,1,,3,,Lost
CUST2350,708,1,907.86,3,,3,,Lost
CUST2351,647,1,1336.56,4,,4,,Lost
CUST2352,284,1,1700.0,5,,5,,Lost
CUST2353,1040,1,158.76,2,,1,,Lost
CUST2354,326,1,81.92,5,,1,,Lost
CUST2355,377,1,1353.6,5,,4,,Lost
CUST2356,250,1,335.08,5,,1,,Lost
CUST2357,882,1,1002.51,3,,3,,Lost
CUST2358,182,1,1700.1000000000001,5,,5,,Lost
CUST2359,477,1,973.6200000000001,4,,3,,Lost
CUST2360,370,1,566.91,5,,2,,Lost
CUST2361,936,1,1884.2,2,,5,,Lost
CUST2362,205,1,184.08,5,,1,,Lost
CUST2363,308,1,690.54,5,,2,,Lost
CUST2364,1491,1,1588.58,1,,4,,Lost
CUST2365,1007,1,912.3100000000001,2,,3,,Lost
CUST2366,1236,1,84.28,1,,1,,Lost
CUST2367,195,1,246.03,5,,1,,Lost
CUST2368,934,1,908.2,2,,3,,Lost
CUST2369,1507,1,1350.0,1,,4,,Lost
CUST2370,651,1,710.4000000000001,3,,2,,Lost
CUST2371,1712,1,1897.8,1,,5,,Lost
CUST2372,583,1,514.9,4,,2,,Lost
CUST2373,517,1,1772.26,4,,5,,Lost
CUST2374,972,1,584.3100000000001,2,,2,,Lost
CUST2375,389,1,684.85,5,,2,,Lost
CUST2376,271,1,399.20000000000005,5,,1,,Lost
CUST2377,581,1,531.09,4,,2,,Lost
CUST2378,222,1,582.0,5,,2,,Lost
CUST2379,1265,1,1115.8,1,,3,,Lost
CUST2380,480,1,755.57,4,,2,,Lost
CUST2381,475,1,1721.16,4,,5,,Lost
CUST2382,847,1,161.58,3,,1,,Lost
CUST2383,403,1,126.56,5,,1,,Lost
CUST2384,531,1,1592.44,4,,4,,Lost
CUST2385,580,1,822.44,4,,2,,Lost
CUST2386,405,1,815.0999999999999,5,,2,,Lost
CUST2387,812,1,281.76,3,,1,,Lost
CUST2388,507,1,1221.69,4,,4,,Lost
CUST2389,773,1,1270.6200000000001,3,,4,,Lost
CUST2390,594,1,1612.8,4,,5,,Lost
CUST2391,1726,1,148.12,1,,1,,Lost
CUST2392,1687,1,949.04,1,,3,,Lost
CUST2393,524,1,1298.8,4,,4,,Lost
CUST2394,608,1,847.4,4,,2,,Lost
CUST2395,741,1,895.59,3,,3,,Lost
CUST2396,392,1,1615.8,5,,5,,Lost
CUST2397,354,1,1785.74,5,,5,,Lost
CUST2398,1197,1,582.96,1,,2,,Lost
CUST2399,1017,1,393.84,2,,1,,Lost
CUST2400,462,1,1660.88,4,,5,,Lost
CUST2401,517,1,1567.92,4,,4,,Lost
CUST2402,840,1,799.17,3,,2,,Lost
CUST2403,1557,1,1058.48,1,,3,,Lost
CUST2404,994,1,1923.4,2,,5,,Lost
CUST2405,1092,1,1914.38,2,,5,,Lost
CUST2406,945,1,1358.82,2,,4,,Lost
CUST2407,1556,1,436.14,1,,1,,Lost
CUST2408,1763,1,1533.5600000000002,1,,4,,Lost
CUST2409,1613,1,636.09,1,,2,,Lost
CUST2410,610,1,72.02,4,,1,,Lost
CUST2411,550,1,1940.3,4,,5,,Lost
CUST2412,328,1,327.28,5,,1,,Lost
CUST2413,282,1,859.2,5,,3,,Lost
CUST2414,654,1,1969.9499999999998,3,,5,,Lost
CUST2415,424,1,1704.56,4,,5,,Lost
CUST2416,494,1,1559.3999999999999,4,,4,,Lost
CUST2417,422,1,1499.25,4,,4,,Lost
CUST2418,603,1,1457.3700000000001,4,,4,,Lost
CUST2419,181,1,1836.4,5,,5,,Lost
CUST2420,660,1,298.18,3,,1,,Lost
CUST2421,459,1,1299.21,4,,4,,Lost
CUST2422,1320,1,1208.83,1,,3,,Lost
CUST2423,742,1,1437.3600000000001,3,,4,,Lost
CUST2424,847,1,1124.88,3,,3,,Lost
CUST2425,1365,1,1458.3100000000002,1,,4,,Lost
CUST2426,629,1,905.58,4,,3,,Lost
CUST2427,1038,1,53.12,2,,1,,Lost
CUST2428,768,1,1050.72,3,,3,,Lost
CUST2429,528,1,1092.39,4,,3,,Lost
CUST2430,832,1,1638.6,3,,5,,Lost
CUST2431,820,1,622.92,3,,2,,Lost
CUST2432,448,1,1808.64,4,,5,,Lost
CUST2433,650,1,1695.0,4,,5,,Lost
CUST2434,881,1,703.71,3,,2,,Lost
CUST2435,465,1,1502.12,4,,4,,Lost
CUST2436,725,1,908.34,3,,3,,Lost
CUST2437,882,1,1197.2,3,,3,,Lost
CUST2438,568,1,234.74,4,,1,,Lost
CUST2439,1080,1,1330.1399999999999,2,,4,,Lost
CUST2440,1436,1,1489.12,1,,4,,Lost
CUST2441,1533,1,1200.21,1,,3,,Lost
CUST2442,438,1,1172.97,4,,3,,Lost
CUST2443,1473,1,445.12,1,,2,,Lost
CUST2444,720,1,1822.52,3,,5,,Lost
CUST2445,605,1,1370.04,4,,4,,Lost
CUST2446,694,1,1192.08,3,,3,,Lost
CUST2447,1160,1,1205.24,2,,3,,Lost
CUST2448,285,1,1618.55,5,,5,,Lost
CUST2449,390,1,1838.97,5,,5,,Lost
CUST2450,225,1,1626.48,5,,5,,Lost
CUST2451,497,1,1224.08,4,,4,,Lost
CUST2452,1753,1,1842.8,1,,5,,Lost
CUST2453,752,1,603.99,3,,2,,Lost
CUST2454,1758,1,104.39999999999999,1,,1,,Lost
CUST2455,509,1,1394.4,4,,4,,Lost
CUST2456,1201,1,1952.02,1,,5,,Lost
CUST2457,664,1,1680.9099999999999,3,,5,,Lost
CUST2458,1040,1,572.88,2,,2,,Lost
CUST2459,1754,1,884.73,1,,3,,Lost
CUST2460,984,1,202.64,2,,1,,Lost
CUST2461,1031,1,1034.24,2,,3,,Lost
CUST2462,349,1,393.84,5,,1,,Lost
CUST2463,434,1,773.01,4,,2,,Lost
CUST2464,673,1,1358.15,3,,4,,Lost
CUST2465,941,1,40.7,2,,1,,Lost
CUST2466,1596,1,1189.72,1,,3,,Lost
CUST2467,821,1,682.6,3,,2,,Lost
CUST2468,876,1,1790.8500000000001,3,,5,,Lost
CUST2469,992,1,623.62,2,,2,,Lost
CUST2470,729,1,666.92,3,,2,,Lost
CUST2471,194,1,240.82,5,,1,,Lost
CUST2472,1021,1,508.06,2,,2,,Lost
CUST2473,361,1,430.55,5,,1,,Lost
CUST2474,1226,1,113.88,1,,1,,Lost
CUST2475,1172,1,1003.04,2,,3,,Lost
CUST2476,648,1,1832.92,4,,5,,Lost
CUST2477,948,1,1696.55,2,,5,,Lost
CUST2478,617,1,589.66,4,,2,,Lost
CUST2479,1793,1,1503.11,1,,4,,Lost
CUST2480,542,1,913.56,4,,3,,Lost
CUST2481,410,1,1031.3,4,,3,,Lost
CUST2482,818,1,203.31,3,,1,,Lost
CUST2483,214,1,1942.44,5,,5,,Lost
CUST2484,450,1,352.9,4,,1,,Lost
CUST2485,956,1,49.62,2,,1,,Lost
CUST2486,369,1,1630.96,5,,5,,Lost
CUST2487,1000,1,1743.25,2,,5,,Lost
CUST2488,1158,1,866.25,2,,3,,Lost
CUST2489,1414,1,751.36,1,,2,,Lost
CUST2490,671,1,816.44,3,,2,,Lost
CUST2491,546,1,1040.32,4,,3,,Lost
CUST2492,1046,1,1313.4,2,,4,,Lost
CUST2493,522,1,1086.06,4,,3,,Lost
CUST2494,1248,1,161.28,1,,1,,Lost
CUST2495,410,1,1388.73,4,,4,,Lost
CUST2496,1080,1,969.5,2,,3,,Lost
CUST2497,941,1,827.6,2,,2,,Lost
CUST2498,568,1,683.28,4,,2,,Lost
CUST2499,988,1,1165.8000000000002,2,,3,,Lost
CUST2500,1075,1,939.35,2,,3,,Lost
CUST2501,1059,1,1856.97,2,,5,,Lost
CUST2502,1435,1,1155.2,1,,3,,Lost
CUST2503,441,1,743.67,4,,2,,Lost
CUST2504,738,1,1048.4,3,,3,,Lost
CUST2505,1231,1,1477.32,1,,4,,Lost
CUST2506,711,1,23.28,3,,1,,Lost
CUST2507,807,1,1944.32,3,,5,,Lost
CUST2508,298,1,375.6,5,,1,,Lost
CUST2509,1203,1,522.52,1,,2,,Lost
CUST2510,923,1,153.35000000000002,2,,1,,Lost
CUST2511,1390,1,1799.68,1,,5,,Lost
CUST2512,1095,1,25.650000000000002,2,,1,,Lost
CUST2513,833,1,1142.92,3,,3,,Lost
CUST2514,415,1,1117.32,4,,3,,Lost
CUST2515,311,1,174.60000000000002,5,,1,,Lost
CUST2516,1387,1,1899.42,1,,5,,Lost
CUST2517,241,1,1218.3,5,,4,,Lost
CUST2518,1296,1,1429.56,1,,4,,Lost
CUST2519,317,1,215.17999999999998,5,,1,,Lost
CUST2520,693,1,1587.6,3,,4,,Lost
CUST2521,854,1,1757.94,3,,5,,Lost
CUST2522,1173,1,682.08,1,,2,,Lost
CUST2523,695,1,1440.25,3,,4,,Lost
CUST2524,656,1,884.94,3,,3,,Lost
CUST2525,329,1,1230.3600000000001,5,,4,,Lost
CUST2526,285,1,174.36,5,,1,,Lost
CUST2527,634,1,281.60999999999996,4,,1,,Lost
CUST2528,806,1,1879.0,3,,5,,Lost
CUST2529,706,1,1387.5,3,,4,,Lost
CUST2530,844,1,979.84,3,,3,,Lost
CUST2531,871,1,459.68,3,,2,,Lost
CUST2532,584,1,292.53,4,,1,,Lost
CUST2533,288,1,717.6899999999999,5,,2,,Lost
CUST2534,1144,1,361.98,2,,1,,Lost
CUST2535,546,1,1161.0,4,,3,,Lost
CUST2536,530,1,1659.69,4,,5,,Lost
CUST2537,776,1,541.4399999999999,3,,2,,Lost
CUST2538,1048,1,540.08,2,,2,,Lost
CUST2539,884,1,438.59999999999997,2,,2,,Lost
CUST2540,1847,1,629.4,1,,2,,Lost
CUST2541,774,1,587.49,3,,2,,Lost
CUST2542,480,1,1810.16,4,,5,,Lost
CUST2543,1660,1,1460.1,1,,4,,Lost
CUST2544,639,1,1764.09,4,,5,,Lost
CUST2545,731,1,1683.58,3,,5,,Lost
CUST2546,565,1,151.42,4,,1,,Lost
CUST2547,1733,1,1053.12,1,,3,,Lost
CUST2548,386,1,1037.36,5,,3,,Lost
CUST2549,465,1,1735.82,4,,5,,Lost
CUST2550,964,1,357.96,2,,1,,Lost
CUST2551,809,1,675.6,3,,2,,Lost
CUST2552,1555,1,708.12,1,,2,,Lost
CUST2553,657,1,1096.92,3,,3,,Lost
CUST2554,737,1,560.25,3,,2,,Lost
CUST2555,557,1,1618.3500000000001,4,,5,,Lost
CUST2556,695,1,960.43,3,,3,,Lost
CUST2557,1177,1,66.96,1,,1,,Lost
CUST2558,883,1,1213.44,2,,4,,Lost
CUST2559,189,1,1145.28,5,,3,,Lost
CUST2560,672,1,1785.86,3,,5,,Lost
CUST2561,226,1,1642.15,5,,5,,Lost
CUST2562,1042,1,894.21,2,,3,,Lost
CUST2563,1249,1,506.96,1,,2,,Lost
CUST2564,209,1,938.72,5,,3,,Lost
CUST2565,1042,1,1040.91,2,,3,,Lost
CUST2566,1182,1,1739.1999999999998,1,,5,,Lost
CUST2567,1621,1,973.12,1,,3,,Lost
CUST2568,934,1,1943.7599999999998,2,,5,,Lost
CUST2569,1222,1,1539.27,1,,4,,Lost
CUST2570,704,1,93.32,3,,1,,Lost
CUST2571,1011,1,696.56,2,,2,,Lost
CUST2572,1227,1,1185.73,1,,3,,Lost
CUST2573,1140,1,1442.28,2,,4,,Lost
CUST2574,1098,1,1187.82,2,,3,,Lost
CUST2575,414,1,44.5,4,,1,,Lost
CUST2576,272,1,749.88,5,,2,,Lost
CUST2577,772,1,1327.55,3,,4,,Lost
CUST2578,1781,1,1975.86,1,,5,,Lost
CUST2579,925,1,1275.75,2,,4,,Lost
CUST2580,1725,1,1854.93,1,,5,,Lost
CUST2581,1381,1,1521.96,1,,4,,Lost
CUST2582,509,1,645.12,4,,2,,Lost
CUST2583,583,1,1226.37,4,,4,,Lost
CUST2584,699,1,159.04999999999998,3,,1,,Lost
CUST2585,468,1,966.86,4,,3,,Lost
CUST2586,289,1,1177.44,5,,3,,Lost
CUST2587,824,1,1955.24,3,,5,,Lost
CUST2588,555,1,1005.84,4,,3,,Lost
CUST2589,709,1,1442.6999999999998,3,,4,,Lost
CUST2590,418,1,1798.75,4,,5,,Lost
CUST2591,330,1,1115.87,5,,3,,Lost
CUST2592,1434,1,1246.02,1,,4,,Lost
CUST2593,1466,1,687.08,1,,2,,Lost
CUST2594,645,1,420.09000000000003,4,,1,,Lost
CUST2595,485,1,1113.75,4,,3,,Lost
CUST2596,1152,1,1735.78,2,,5,,Lost
CUST2597,797,1,852.88,3,,2,,Lost
CUST2598,1281,1,1370.1,1,,4,,Lost
CUST2599,272,1,1335.6,5,,4,,Lost
CUST2600,973,1,1594.6200000000001,2,,4,,Lost
CUST2601,1087,1,1013.76,2,,3,,Lost
CUST2602,1716,1,1137.28,1,,3,,Lost
CUST2603,214,1,1121.4,5,,3,,Lost
CUST2604,1064,1,368.24,2,,1,,Lost
CUST2605,670,1,839.86,3,,2,,Lost
CUST2606,892,1,428.32,2,,1,,Lost
CUST2607,826,1,1739.04,3,,5,,Lost
CUST2608,1080,1,823.43,2,,2,,Lost
CUST2609,1267,1,1831.44,1,,5,,Lost
CUST2610,1084,1,708.82,2,,2,,Lost
CUST2611,290,1,577.3199999999999,5,,2,,Lost
CUST2612,528,1,1159.0,4,,3,,Lost
CUST2613,568,1,1610.25,4,,5,,Lost
CUST2614,1694,1,415.62,1,,1,,Lost
CUST2615,333,1,1699.62,5,,5,,Lost
CUST2616,438,1,1820.8400000000001,4,,5,,Lost
CUST2617,1066,1,1295.44,2,,4,,Lost
CUST2618,560,1,1343.93,4,,4,,Lost
CUST2619,514,1,824.4,4,,2,,Lost
CUST2620,1258,1,878.72,1,,3,,Lost
CUST2621,404,1,1004.78,5,,3,,Lost
CUST2622,748,1,1814.8500000000001,3,,5,,Lost
CUST2623,576,1,1675.08,4,,5,,Lost
CUST2624,900,1,1284.68,2,,4,,Lost
CUST2625,403,1,1871.12,5,,5,,Lost
CUST2626,1261,1,1356.6,1,,4,,Lost
CUST2627,983,1,1503.68,2,,4,,Lost
CUST2628,1293,1,1105.58,1,,3,,Lost
CUST2629,614,1,855.6299999999999,4,,2,,Lost
CUST2630,415,1,1330.8,4,,4,,Lost
CUST2631,500,1,1905.16,4,,5,,Lost
CUST2632,1142,1,1496.8799999999999,2,,4,,Lost
CUST2633,276,1,850.8,5,,2,,Lost
CUST2634,604,1,1839.2,4,,5,,Lost
CUST2635,220,1,1271.68,5,,4,,Lost
CUST2636,912,1,1132.56,2,,3,,Lost
CUST2637,882,1,428.96,3,,1,,Lost
CUST2638,444,1,1565.13,4,,4,,Lost
CUST2639,1192,1,147.57,1,,1,,Lost
CUST2640,661,1,1477.0,3,,4,,Lost
CUST2641,1240,1,1811.62,1,,5,,Lost
CUST2642,984,1,781.76,2,,2,,Lost
CUST2643,1447,1,1232.22,1,,4,,Lost
CUST2644,573,1,549.72,4,,2,,Lost
CUST2645,613,1,869.2,4,,3,,Lost
CUST2646,283,1,1534.8600000000001,5,,4,,Lost
CUST2647,821,1,717.26,3,,2,,Lost
CUST2648,796,1,49.12,3,,1,,Lost
CUST2649,1604,1,896.32,1,,3,,Lost
CUST2650,490,1,1885.06,4,,5,,Lost
CUST2651,1488,1,1428.8,1,,4,,Lost
CUST2652,1262,1,1666.1399999999999,1,,5,,Lost
CUST2653,1012,1,866.64,2,,3,,Lost
CUST2654,1591,1,1831.4,1,,5,,Lost
CUST2655,1722,1,524.46,1,,2,,Lost
CUST2656,285,1,1054.74,5,,3,,Lost
CUST2657,178,1,713.6999999999999,5,,2,,Lost
CUST2658,332,1,1285.47,5,,4,,Lost
CUST2659,1124,1,316.1,2,,1,,Lost
CUST2660,1231,1,1096.96,1,,3,,Lost
CUST2661,800,1,627.27,3,,2,,Lost
CUST2662,446,1,1178.56,4,,3,,Lost
CUST2663,643,1,735.1,4,,2,,Lost
CUST2664,887,1,1965.66,2,,5,,Lost
CUST2665,558,1,1647.38,4,,5,,Lost
CUST2666,720,1,140.28,3,,1,,Lost
CUST2667,251,1,1577.07,5,,4,,Lost
CUST2668,733,1,1650.3999999999999,3,,5,,Lost
CUST2669,958,1,480.08,2,,2,,Lost
CUST2670,1168,1,33.120000000000005,2,,1,,Lost
CUST2671,1487,1,647.78,1,,2,,Lost
CUST2672,247,1,263.34000000000003,5,,1,,Lost
CUST2673,722,1,595.6,3,,2,,Lost
CUST2674,1028,1,1250.08,2,,4,,Lost
CUST2675,476,1,812.8199999999999,4,,2,,Lost
CUST2676,721,1,1629.62,3,,5,,Lost
CUST2677,1012,1,807.72,2,,2,,Lost
CUST2678,756,1,981.3000000000001,3,,3,,Lost
CUST2679,936,1,375.34999999999997,2,,1,,Lost
CUST2680,1407,1,949.12,1,,3,,Lost
CUST2681,1695,1,373.59,1,,1,,Lost
CUST2682,680,1,607.6800000000001,3,,2,,Lost
CUST2683,299,1,430.05,5,,1,,Lost
CUST2684,445,1,1534.25,4,,4,,Lost
CUST2685,241,1,531.5699999999999,5,,2,,Lost
CUST2686,922,1,1804.28,2,,5,,Lost
CUST2687,336,1,102.52,5,,1,,Lost
CUST2688,1649,1,109.19999999999999,1,,1,,Lost
CUST2689,697,1,1003.7,3,,3,,Lost
CUST2690,178,1,1806.42,5,,5,,Lost
CUST2691,975,1,1150.77,2,,3,,Lost
CUST2692,633,1,799.4,4,,2,,Lost
CUST2693,544,1,580.4399999999999,4,,2,,Lost
CUST2694,396,1,1176.32,5,,3,,Lost
CUST2695,411,1,610.5600000000001,4,,2,,Lost
CUST2696,760,1,488.97,3,,2,,Lost
CUST2697,718,1,1803.2000000000003,3,,5,,Lost
CUST2698,1314,1,400.98,1,,1,,Lost
CUST2699,271,1,728.1,5,,2,,Lost
CUST2700,638,1,1419.03,4,,4,,Lost
CUST2701,760,1,839.84,3,,2,,Lost
CUST2702,586,1,251.6,4,,1,,Lost
CUST2703,298,1,435.87,5,,1,,Lost
CUST2704,486,1,1716.72,4,,5,,Lost
CUST2705,1653,1,1642.48,1,,5,,Lost
CUST2706,386,1,1324.64,5,,4,,Lost
CUST2707,245,1,841.32,5,,2,,Lost
CUST2708,490,1,1820.32,4,,5,,Lost
CUST2709,300,1,1559.6399999999999,5,,4,,Lost
CUST2710,736,1,1856.0,3,,5,,Lost
CUST2711,528,1,1294.4399999999998,4,,4,,Lost
CUST2712,269,1,1121.46,5,,3,,Lost
CUST2713,311,1,743.3100000000001,5,,2,,Lost
CUST2714,1062,1,95.78999999999999,2,,1,,Lost
CUST2715,642,1,979.84,4,,3,,Lost
CUST2716,1588,1,317.08,1,,1,,Lost
CUST2717,388,1,248.49,5,,1,,Lost
CUST2718,1462,1,273.87,1,,1,,Lost
CUST2719,1074,1,1740.44,2,,5,,Lost
CUST2720,264,1,1580.31,5,,4,,Lost
CUST2721,679,1,1451.92,3,,4,,Lost
CUST2722,754,1,1419.93,3,,4,,Lost
CUST2723,503,1,936.36,4,,3,,Lost
CUST2724,885,1,70.75,2,,1,,Lost
CUST2725,1707,1,1312.32,1,,4,,Lost
CUST2726,1721,1,620.3100000000001,1,,2,,Lost
CUST2727,1096,1,1944.3,2,,5,,Lost
CUST2728,265,1,67.1,5,,1,,Lost
CUST2729,1075,1,909.6,2,,3,,Lost
CUST2730,936,1,1050.24,2,,3,,Lost
CUST2731,1107,1,776.76,2,,2,,Lost
CUST2732,312,1,1413.54,5,,4,,Lost
CUST2733,234,1,855.45,5,,2,,Lost
CUST2734,966,1,1586.8000000000002,2,,4,,Lost
CUST2735,588,1,1839.21,4,,5,,Lost
CUST2736,922,1,785.61,2,,2,,Lost
CUST2737,1216,1,454.95,1,,2,,Lost
CUST2738,723,1,874.29,3,,3,,Lost
CUST2739,882,1,407.69,3,,1,,Lost
CUST2740,282,1,422.4,5,,1,,Lost
CUST2741,1946,1,248.17,1,,1,,Lost
CUST2742,240,1,1625.6,5,,5,,Lost
CUST2743,1479,1,297.71999999999997,1,,1,,Lost
CUST2744,1489,1,1165.8000000000002,1,,3,,Lost
CUST2745,1114,1,988.75,2,,3,,Lost
CUST2746,630,1,1498.23,4,,4,,Lost
CUST2747,551,1,242.33,4,,1,,Lost
CUST2748,910,1,946.91,2,,3,,Lost
CUST2749,1405,1,411.67,1,,1,,Lost
CUST2750,344,1,1421.92,5,,4,,Lost
CUST2751,1190,1,1500.18,1,,4,,Lost
CUST2752,747,1,1193.5500000000002,3,,3,,Lost
CUST2753,751,1,240.85000000000002,3,,1,,Lost
CUST2754,1386,1,1230.84,1,,4,,Lost
CUST2755,789,1,843.85,3,,2,,Lost
CUST2756,922,1,1478.58,2,,4,,Lost
CUST2757,196,1,1463.1999999999998,5,,4,,Lost
CUST2758,342,1,1016.4,5,,3,,Lost
CUST2759,1042,1,1863.6,2,,5,,Lost
CUST2760,942,1,1054.6200000000001,2,,3,,Lost
CUST2761,1323,1,277.62,1,,1,,Lost
CUST2762,1345,1,237.60000000000002,1,,1,,Lost
CUST2763,200,1,1486.44,5,,4,,Lost
CUST2764,771,1,57.6,3,,1,,Lost
CUST2765,319,1,578.16,5,,2,,Lost
CUST2766,229,1,987.2,5,,3,,Lost
CUST2767,1056,1,1261.3999999999999,2,,4,,Lost
CUST2768,736,1,364.29,3,,1,,Lost
CUST2769,1127,1,968.0999999999999,2,,3,,Lost
CUST2770,1006,1,527.36,2,,2,,Lost
CUST2771,462,1,912.96,4,,3,,Lost
CUST2772,1490,1,1127.05,1,,3,,Lost
CUST2773,718,1,554.73,3,,2,,Lost
CUST2774,978,1,1925.28,2,,5,,Lost
CUST2775,870,1,1047.51,3,,3,,Lost
CUST2776,885,1,831.27,2,,2,,Lost
CUST2777,227,1,546.4,5,,2,,Lost
CUST2778,619,1,1957.08,4,,5,,Lost
CUST2779,459,1,1241.77,4,,4,,Lost
CUST2780,255,1,1183.6200000000001,5,,3,,Lost
CUST2781,487,1,43.12,4,,1,,Lost
CUST2782,391,1,963.28,5,,3,,Lost
CUST2783,1019,1,994.4,2,,3,,Lost
CUST2784,1575,1,359.8,1,,1,,Lost
CUST2785,1222,1,1061.0600000000002,1,,3,,Lost
CUST2786,829,1,1321.44,3,,4,,Lost
CUST2787,854,1,460.32000000000005,3,,2,,Lost
CUST2788,321,1,1113.6599999999999,5,,3,,Lost
CUST2789,1722,1,248.8,1,,1,,Lost
CUST2790,1009,1,40.72,2,,1,,Lost
CUST2791,254,1,1246.98,5,,4,,Lost
CUST2792,357,1,821.69,5,,2,,Lost
CUST2793,867,1,1166.62,3,,3,,Lost
CUST2794,807,1,715.99,3,,2,,Lost
CUST2795,380,1,1397.94,5,,4,,Lost
CUST2796,822,1,1539.4499999999998,3,,4,,Lost
CUST2797,436,1,1321.02,4,,4,,Lost
CUST2798,382,1,247.38,5,,1,,Lost
CUST2799,1587,1,1625.72,1,,5,,Lost
CUST2800,1382,1,1742.88,1,,5,,Lost
CUST2801,238,1,1636.0,5,,5,,Lost
CUST2802,1523,1,780.48,1,,2,,Lost
CUST2803,332,1,1772.22,5,,5,,Lost
CUST2804,399,1,1710.14,5,,5,,Lost
CUST2805,747,1,1595.97,3,,4,,Lost
CUST2806,1079,1,418.74,2,,1,,Lost
CUST2807,341,1,1972.76,5,,5,,Lost
CUST2808,806,1,34.83,3,,1,,Lost
CUST2809,1278,1,1938.06,1,,5,,Lost
CUST2810,297,1,1987.7400000000002,5,,5,,Lost
CUST2811,651,1,479.65000000000003,3,,2,,Lost
CUST2812,1834,1,1706.95,1,,5,,Lost
CUST2813,988,1,513.54,2,,2,,Lost
CUST2814,1614,1,1241.0,1,,4,,Lost
CUST2815,1028,1,322.32,2,,1,,Lost
CUST2816,424,1,1471.85,4,,4,,Lost
CUST2817,1453,1,932.76,1,,3,,Lost
CUST2818,1446,1,1808.0,1,,5,,Lost
CUST2819,297,1,899.63,5,,3,,Lost
CUST2820,1567,1,1976.58,1,,5,,Lost
CUST2821,658,1,1650.1499999999999,3,,5,,Lost
CUST2822,657,1,1903.08,3,,5,,Lost
CUST2823,1142,1,720.32,2,,2,,Lost
CUST2824,867,1,397.26,3,,1,,Lost
CUST2825,194,1,739.8,5,,2,,Lost
CUST2826,1505,1,1163.8799999999999,1,,3,,Lost
CUST2827,404,1,641.9399999999999,5,,2,,Lost
CUST2828,1277,1,1252.8,1,,4,,Lost
CUST2829,991,1,429.99,2,,1,,Lost
CUST2830,992,1,1226.8799999999999,2,,4,,Lost
CUST2831,254,1,134.75,5,,1,,Lost
CUST2832,1058,1,135.96,2,,1,,Lost
CUST2833,201,1,1357.7400000000002,5,,4,,Lost
CUST2834,956,1,1043.22,2,,3,,Lost
CUST2835,731,1,102.78,3,,1,,Lost
CUST2836,1126,1,1593.4499999999998,2,,4,,Lost
CUST2837,1224,1,1339.0,1,,4,,Lost
CUST2838,1384,1,809.03,1,,2,,Lost
CUST2839,262,1,1271.16,5,,4,,Lost
CUST2840,1119,1,507.08,2,,2,,Lost
CUST2841,1463,1,625.76,1,,2,,Lost
CUST2842,1453,1,948.48,1,,3,,Lost
CUST2843,755,1,644.69,3,,2,,Lost
CUST2844,723,1,1710.75,3,,5,,Lost
CUST2845,1027,1,1869.0,2,,5,,Lost
CUST2846,529,1,553.68,4,,2,,Lost
CUST2847,637,1,502.53000000000003,4,,2,,Lost
CUST2848,941,1,1909.84,2,,5,,Lost
CUST2849,1254,1,601.04,1,,2,,Lost
CUST2850,488,1,1403.1299999999999,4,,4,,Lost
CUST2851,1429,1,1029.98,1,,3,,Lost
CUST2852,807,1,566.78,3,,2,,Lost
CUST2853,199,1,1487.12,5,,4,,Lost
CUST2854,1220,1,504.8,1,,2,,Lost
CUST2855,576,1,1325.3100000000002,4,,4,,Lost
CUST2856,531,1,1461.2,4,,4,,Lost
CUST2857,858,1,404.46,3,,1,,Lost
CUST2858,900,1,1112.84,2,,3,,Lost
CUST2859,423,1,620.52,4,,2,,Lost
CUST2860,424,1,1200.32,4,,3,,Lost
CUST2861,548,1,235.16,4,,1,,Lost
CUST2862,1816,1,1685.5,1,,5,,Lost
CUST2863,867,1,1656.9,3,,5,,Lost
CUST2864,833,1,529.98,3,,2,,Lost
CUST2865,246,1,1927.23,5,,5,,Lost
CUST2866,204,1,1068.1200000000001,5,,3,,Lost
CUST2867,1236,1,570.81,1,,2,,Lost
CUST2868,1141,1,1232.01,2,,4,,Lost
CUST2869,1006,1,175.2,2,,1,,Lost
CUST2870,373,1,1919.04,5,,5,,Lost
CUST2871,221,1,1761.57,5,,5,,Lost
CUST2872,663,1,1081.8,3,,3,,Lost
CUST2873,801,1,762.45,3,,2,,Lost
CUST2874,363,1,1955.81,5,,5,,Lost
CUST2875,1923,1,647.5,1,,2,,Lost
CUST2876,1512,1,621.03,1,,2,,Lost
CUST2877,1091,1,409.68,2,,1,,Lost
CUST2878,756,1,1358.08,3,,4,,Lost
CUST2879,1427,1,840.7,1,,2,,Lost
CUST2880,613,1,1255.59,4,,4,,Lost
CUST2881,890,1,1152.96,2,,3,,Lost
CUST2882,1056,1,1231.29,2,,4,,Lost
CUST2883,700,1,1023.96,3,,3,,Lost
CUST2884,668,1,261.36,3,,1,,Lost
CUST2885,695,1,1453.08,3,,4,,Lost
CUST2886,583,1,939.51,4,,3,,Lost
CUST2887,478,1,935.95,4,,3,,Lost
CUST2888,1062,1,38.58,2,,1,,Lost
CUST2889,795,1,669.0,3,,2,,Lost
CUST2890,1655,1,505.12,1,,2,,Lost
CUST2891,510,1,990.3499999999999,4,,3,,Lost
CUST2892,1040,1,1180.59,2,,3,,Lost
CUST2893,457,1,418.45,4,,1,,Lost
CUST2894,640,1,1596.8400000000001,4,,5,,Lost
CUST2895,1464,1,1423.45,1,,4,,Lost
CUST2896,525,1,51.7,4,,1,,Lost
CUST2897,827,1,1312.32,3,,4,,Lost
CUST2898,1029,1,1270.08,2,,4,,Lost
CUST2899,684,1,720.44,3,,2,,Lost
CUST2900,984,1,1666.98,2,,5,,Lost
CUST2901,1453,1,1346.76,1,,4,,Lost
CUST2902,1391,1,832.89,1,,2,,Lost
CUST2903,1211,1,1401.44,1,,4,,Lost
CUST2904,615,1,1068.4,4,,3,,Lost
CUST2905,1115,1,288.72,2,,1,,Lost
CUST2906,1285,1,1607.34,1,,5,,Lost
CUST2907,389,1,1511.28,5,,4,,Lost
CUST2908,1628,1,1725.32,1,,5,,Lost
CUST2909,492,1,609.6999999999999,4,,2,,Lost
CUST2910,604,1,627.54,4,,2,,Lost
CUST2911,807,1,158.56,3,,1,,Lost
CUST2912,506,1,1183.32,4,,3,,Lost
CUST2913,1349,1,343.73,1,,1,,Lost
CUST2914,854,1,1101.72,3,,3,,Lost
CUST2915,401,1,1863.82,5,,5,,Lost
CUST2916,294,1,1386.48,5,,4,,Lost
CUST2917,1182,1,1827.2099999999998,1,,5,,Lost
CUST2918,820,1,881.4,3,,3,,Lost
CUST2919,1668,1,619.43,1,,2,,Lost
CUST2920,1478,1,1606.92,1,,5,,Lost
CUST2921,308,1,230.52,5,,1,,Lost
CUST2922,370,1,211.07999999999998,5,,1,,Lost
CUST2923,1539,1,96.43,1,,1,,Lost
CUST2924,358,1,1786.68,5,,5,,Lost
CUST2925,1570,1,1271.6999999999998,1,,4,,Lost
CUST2926,570,1,728.64,4,,2,,Lost
CUST2927,1326,1,978.85,1,,3,,Lost
CUST2928,1372,1,1314.12,1,,4,,Lost
CUST2929,884,1,54.24,2,,1,,Lost
CUST2930,844,1,579.6,3,,2,,Lost
CUST2931,1115,1,173.76,2,,1,,Lost
CUST2932,1212,1,780.1,1,,2,,Lost
CUST2933,409,1,1381.44,4,,4,,Lost
CUST2934,1455,1,1994.6999999999998,1,,5,,Lost
CUST2935,1045,1,265.0,2,,1,,Lost
CUST2936,1433,1,1063.36,1,,3,,Lost
CUST2937,1132,1,1685.16,2,,5,,Lost
CUST2938,767,1,1575.87,3,,4,,Lost
CUST2939,733,1,705.65,3,,2,,Lost
CUST2940,353,1,1753.1100000000001,5,,5,,Lost
CUST2941,820,1,1945.25,3,,5,,Lost
CUST2942,435,1,1487.22,4,,4,,Lost
CUST2943,282,1,174.51,5,,1,,Lost
CUST2944,961,1,1334.76,2,,4,,Lost
CUST2945,1179,1,515.22,1,,2,,Lost
CUST2946,816,1,1148.6399999999999,3,,3,,Lost
CUST2947,796,1,1595.61,3,,4,,Lost
CUST2948,505,1,783.24,4,,2,,Lost
CUST2949,338,1,1249.74,5,,4,,Lost
CUST2950,1244,1,1163.24,1,,3,,Lost
CUST2951,585,1,1830.4499999999998,4,,5,,Lost
CUST2952,285,1,103.59,5,,1,,Lost
CUST2953,641,1,901.84,4,,3,,Lost
CUST2954,807,1,1019.71,3,,3,,Lost
CUST2955,252,1,449.93999999999994,5,,2,,Lost
CUST2956,808,1,1736.08,3,,5,,Lost
CUST2957,1063,1,1433.28,2,,4,,Lost
CUST2958,832,1,1705.68,3,,5,,Lost
CUST2959,777,1,719.28,3,,2,,Lost
CUST2960,268,1,390.78000000000003,5,,1,,Lost
CUST2961,352,1,307.74,5,,1,,Lost
CUST2962,336,1,32.4,5,,1,,Lost
CUST2963,394,1,1302.12,5,,4,,Lost
CUST2964,1018,1,1691.68,2,,5,,Lost
CUST2965,864,1,587.4,3,,2,,Lost
CUST2966,1069,1,1262.88,2,,4,,Lost
CUST2967,317,1,1854.44,5,,5,,Lost
CUST2968,1037,1,167.95000000000002,2,,1,,Lost
CUST2969,1854,1,1181.72,1,,3,,Lost
CUST2970,560,1,827.1,4,,2,,Lost
CUST2971,515,1,1062.74,4,,3,,Lost
CUST2972,469,1,573.76,4,,2,,Lost
CUST2973,247,1,1731.36,5,,5,,Lost
CUST2974,989,1,246.52,2,,1,,Lost
CUST2975,1254,1,1024.03,1,,3,,Lost
CUST2976,448,1,285.26,4,,1,,Lost
CUST2977,185,1,1407.55,5,,4,,Lost
CUST2978,767,1,1257.16,3,,4,,Lost
CUST2979,1925,1,1884.12,1,,5,,Lost
CUST2980,1156,1,435.90000000000003,2,,1,,Lost
CUST2981,440,1,245.57999999999998,4,,1,,Lost
CUST2982,207,1,1913.16,5,,5,,Lost
CUST2983,1306,1,772.34,1,,2,,Lost
CUST2984,682,1,1902.06,3,,5,,Lost
CUST2985,908,1,89.84,2,,1,,Lost
CUST2986,560,1,1045.9,4,,3,,Lost
CUST2987,664,1,1418.36,3,,4,,Lost
CUST2988,584,1,285.6,4,,1,,Lost
CUST2989,254,1,1973.0,5,,5,,Lost
CUST2990,269,1,358.1,5,,1,,Lost
CUST2991,425,1,781.11,4,,2,,Lost
CUST2992,823,1,844.26,3,,2,,Lost
CUST2993,1650,1,486.45,1,,2,,Lost
CUST2994,730,1,311.68,3,,1,,Lost
CUST2995,938,1,212.38,2,,1,,Lost
CUST2996,839,1,1144.1399999999999,3,,3,,Lost
CUST2997,1279,1,1830.3000000000002,1,,5,,Lost
CUST2998,426,1,229.14,4,,1,,Lost
CUST2999,935,1,30.87,2,,1,,Lost
